,decyear,east(m),north(m),up(m)
0,2020.0,0.716406,0.947121,0.252496
1,2020.0027,0.718859,0.947217,0.259715
2,2020.0055,0.720184,0.947614,0.25759
3,2020.0082,0.719609,0.947649,0.251804
4,2020.011,0.719512,0.946755,0.257107
5,2020.0137,0.719442,0.947971,0.25045
6,2020.0164,0.718293,0.947213,0.252357
7,2020.0192,0.719999,0.947883,0.258848
8,2020.0219,0.718375,0.948633,0.260826
9,2020.0246,0.720195,0.947673,0.258414
10,2020.0274,0.717159,0.947867,0.256433
11,2020.0301,0.718462,0.947825,0.257869
12,2020.0329,0.718699,0.948878,0.255563
13,2020.0356,0.716789,0.949087,0.257771
14,2020.0383,0.718567,0.950314,0.259085
15,2020.0411,0.717343,0.949803,0.263217
16,2020.0438,0.718953,0.948238,0.258706
17,2020.0465,0.719098,0.94952,0.253856
18,2020.0493,0.719217,0.94918,0.255964
19,2020.052,0.719367,0.950298,0.253085
20,2020.0548,0.718416,0.950145,0.25947
21,2020.0575,0.718612,0.95035,0.262053
22,2020.0602,0.719958,0.949243,0.261337
23,2020.063,0.718694,0.949862,0.253487
24,2020.0739,0.717992,0.950748,0.256851
25,2020.0767,0.720235,0.949022,0.260491
26,2020.0794,0.720875,0.949438,0.258918
27,2020.0821,0.722666,0.949772,0.253883
28,2020.0849,0.720371,0.946912,0.253726
29,2020.0931,0.719156,0.952412,0.258887
30,2020.0958,0.719167,0.951243,0.257419
31,2020.0986,0.719635,0.9537,0.260629
32,2020.1013,0.721048,0.954294,0.256942
33,2020.104,0.720507,0.954535,0.255181
34,2020.1068,0.719396,0.953709,0.258517
35,2020.1095,0.723124,0.954242,0.253629
36,2020.1123,0.720471,0.954888,0.251996
37,2020.115,0.718501,0.953918,0.253655
38,2020.1177,0.72031,0.952339,0.250092
39,2020.1205,0.720143,0.952946,0.252507
40,2020.1232,0.719738,0.95265,0.249696
41,2020.1259,0.720593,0.953629,0.249093
42,2020.1287,0.719815,0.952101,0.245055
43,2020.1314,0.72224,0.953469,0.247122
44,2020.1342,0.722025,0.953472,0.246996
45,2020.1369,0.721478,0.952769,0.242857
46,2020.1396,0.720377,0.954152,0.245333
47,2020.1424,0.721581,0.950254,0.240583
48,2020.1451,0.722095,0.950929,0.239465
49,2020.1478,0.721986,0.951536,0.236989
50,2020.1506,0.721107,0.953391,0.236469
51,2020.1533,0.719644,0.951858,0.232376
52,2020.1588,0.721817,0.952341,0.234534
53,2020.1615,0.721739,0.950346,0.237507
54,2020.1643,0.721829,0.949638,0.239307
55,2020.167,0.718188,0.950275,0.240486
56,2020.1697,0.720888,0.949768,0.232128
57,2020.1725,0.72155,0.95166,0.234746
58,2020.1752,0.72173,0.950699,0.235996
59,2020.178,0.720641,0.95102,0.2306
60,2020.1807,0.719438,0.950415,0.235886
61,2020.1834,0.718072,0.950654,0.231583
62,2020.1862,0.719775,0.950398,0.2285
63,2020.1889,0.719779,0.948602,0.232089
64,2020.1944,0.718678,0.949654,0.227742
65,2020.1971,0.717576,0.949066,0.230841
66,2020.1999,0.719597,0.950328,0.228483
67,2020.2026,0.719364,0.949607,0.227892
68,2020.2053,0.718197,0.950259,0.231056
69,2020.2081,0.71647,0.95043,0.229533
70,2020.2108,0.716951,0.94973,0.23377
71,2020.2163,0.716181,0.951222,0.228319
72,2020.219,0.715586,0.949554,0.231262
73,2020.2218,0.715727,0.949585,0.232962
74,2020.2245,0.71577,0.949231,0.233708
75,2020.2272,0.715887,0.947496,0.23661
76,2020.23,0.714736,0.951071,0.23037
77,2020.2327,0.71377,0.949371,0.230281
78,2020.2355,0.714742,0.950164,0.236197
79,2020.2382,0.715124,0.950624,0.237043
80,2020.2409,0.714515,0.949841,0.233821
81,2020.2437,0.715121,0.95119,0.231299
82,2020.2464,0.714676,0.953031,0.228928
83,2020.2519,0.714036,0.952246,0.23746
84,2020.2546,0.71412,0.953876,0.231532
85,2020.2574,0.714644,0.952543,0.235436
86,2020.2601,0.714675,0.951293,0.23775
87,2020.2628,0.714052,0.9526,0.235098
88,2020.2656,0.714698,0.95315,0.234984
89,2020.2683,0.713613,0.951776,0.229732
90,2020.271,0.715449,0.952526,0.226414
91,2020.2738,0.714601,0.953165,0.232379
92,2020.2765,0.713116,0.952822,0.234338
93,2020.2793,0.714449,0.952685,0.235134
94,2020.282,0.714742,0.953125,0.234549
95,2020.2847,0.715665,0.954603,0.229035
96,2020.2875,0.715731,0.954452,0.229584
97,2020.2902,0.714481,0.955545,0.234044
98,2020.293,0.715158,0.953979,0.23428
99,2020.2957,0.715193,0.952712,0.23419
100,2020.2984,0.715692,0.95537,0.230144
101,2020.3012,0.717907,0.953789,0.228439
102,2020.3039,0.716873,0.956232,0.23203
103,2020.3066,0.716286,0.956542,0.230942
104,2020.3094,0.715598,0.956545,0.225791
105,2020.3121,0.71666,0.954417,0.226724
106,2020.3149,0.717081,0.954848,0.224372
107,2020.3176,0.715985,0.95467,0.231916
108,2020.3203,0.715467,0.954446,0.232568
109,2020.3231,0.715051,0.955325,0.22772
110,2020.3258,0.715732,0.955116,0.22962
111,2020.3285,0.715255,0.954466,0.227105
112,2020.3313,0.715096,0.955933,0.227978
113,2020.334,0.713417,0.956062,0.227997
114,2020.3368,0.711956,0.955006,0.229827
115,2020.3395,0.712585,0.954826,0.225614
116,2020.3422,0.716275,0.954997,0.219881
117,2020.345,0.71498,0.956183,0.220534
118,2020.3477,0.713532,0.956589,0.220153
119,2020.3504,0.713044,0.957134,0.223271
120,2020.3532,0.712503,0.95402,0.219185
121,2020.3559,0.711868,0.955425,0.218913
122,2020.3587,0.711828,0.953702,0.22386
123,2020.3614,0.712567,0.955043,0.22215
124,2020.3641,0.71092,0.95495,0.22006
125,2020.3669,0.71217,0.954398,0.221453
126,2020.3696,0.712321,0.955425,0.222392
127,2020.3723,0.713908,0.956482,0.217397
128,2020.3751,0.71414,0.955675,0.223975
129,2020.3778,0.714583,0.956272,0.223498
130,2020.3806,0.713918,0.956088,0.223341
131,2020.3833,0.714703,0.955849,0.218014
132,2020.386,0.714547,0.955243,0.217272
133,2020.3888,0.714945,0.955936,0.215824
134,2020.3915,0.713926,0.957133,0.215001
135,2020.3943,0.715915,0.957416,0.214457
136,2020.397,0.715489,0.956645,0.212057
137,2020.3997,0.714869,0.959298,0.197029
138,2020.4025,0.716982,0.956992,0.206969
139,2020.4052,0.715385,0.95663,0.203246
140,2020.4079,0.716536,0.957001,0.209157
141,2020.4107,0.716665,0.956267,0.21031
142,2020.4134,0.716074,0.957198,0.206232
143,2020.4162,0.715581,0.956409,0.207587
144,2020.4189,0.716511,0.956425,0.202186
145,2020.4216,0.714404,0.955118,0.203529
146,2020.4244,0.715742,0.956656,0.200684
147,2020.4271,0.717001,0.956971,0.204026
148,2020.4298,0.717306,0.957282,0.201005
149,2020.4326,0.714826,0.957649,0.199063
150,2020.4353,0.716232,0.956401,0.201348
151,2020.4381,0.714445,0.956941,0.19903
152,2020.4408,0.714945,0.956734,0.198807
153,2020.4435,0.716295,0.955995,0.19323
154,2020.4463,0.71701,0.958664,0.199431
155,2020.449,0.717317,0.956828,0.199622
156,2020.4517,0.716943,0.957734,0.197617
157,2020.4545,0.716834,0.956476,0.199487
158,2020.4572,0.715405,0.957827,0.198279
159,2020.46,0.716511,0.958322,0.194597
160,2020.4627,0.715581,0.957807,0.191524
161,2020.4654,0.715455,0.956812,0.19633
162,2020.4682,0.71663,0.955301,0.194112
163,2020.4709,0.718278,0.955048,0.196941
164,2020.4736,0.717049,0.958797,0.188282
165,2020.4764,0.717766,0.959017,0.190217
166,2020.4791,0.717027,0.958818,0.193334
167,2020.4819,0.717722,0.957147,0.198452
168,2020.4846,0.716728,0.95849,0.189177
169,2020.4873,0.716384,0.957577,0.195388
170,2020.4901,0.71637,0.95625,0.196551
171,2020.4928,0.717173,0.956449,0.195355
172,2020.4956,0.71546,0.957024,0.191214
173,2020.4983,0.716081,0.956352,0.192717
174,2020.501,0.715939,0.956979,0.189463
175,2020.5038,0.716638,0.956609,0.185672
176,2020.5092,0.718203,0.95519,0.18389
177,2020.5147,0.71789,0.955506,0.18314
178,2020.5175,0.717329,0.955226,0.181336
179,2020.5202,0.71747,0.954863,0.18323
180,2020.5229,0.717532,0.953286,0.176071
181,2020.5257,0.716751,0.955932,0.17558
182,2020.5284,0.716841,0.954965,0.176915
183,2020.5339,0.718889,0.957304,0.170895
184,2020.5366,0.715476,0.957165,0.177162
185,2020.5394,0.716117,0.95755,0.175437
186,2020.5421,0.718452,0.955927,0.170631
187,2020.5448,0.716767,0.956556,0.168942
188,2020.5476,0.717652,0.955897,0.166994
189,2020.5503,0.717176,0.956325,0.166336
190,2020.553,0.718125,0.955863,0.166192
191,2020.5558,0.71789,0.957195,0.170898
192,2020.5585,0.717081,0.958116,0.16997
193,2020.5613,0.716796,0.957682,0.16995
194,2020.564,0.716237,0.958196,0.165618
195,2020.5667,0.71647,0.956219,0.16199
196,2020.5695,0.716351,0.956103,0.161387
197,2020.5722,0.716,0.955002,0.167802
198,2020.5749,0.71786,0.955271,0.166847
199,2020.5777,0.716852,0.954279,0.159553
200,2020.5804,0.718084,0.95394,0.156816
201,2020.5832,0.718636,0.952901,0.157195
202,2020.5859,0.715764,0.95277,0.147153
203,2020.5886,0.718325,0.954414,0.1532
204,2020.5914,0.718149,0.955015,0.156824
205,2020.5941,0.7199,0.955179,0.153255
206,2020.5969,0.718258,0.955073,0.15753
207,2020.5996,0.716672,0.953713,0.154639
208,2020.6023,0.717122,0.953551,0.155245
209,2020.6078,0.71843,0.953596,0.153706
210,2020.6105,0.719274,0.953514,0.149769
211,2020.6133,0.719451,0.953056,0.151039
212,2020.616,0.719724,0.953746,0.153994
213,2020.6188,0.716443,0.952937,0.156022
214,2020.6215,0.718675,0.952253,0.149014
215,2020.6242,0.71833,0.951452,0.152714
216,2020.627,0.720994,0.954582,0.144197
217,2020.6297,0.720159,0.953121,0.142192
218,2020.6324,0.718466,0.95297,0.14792
219,2020.6352,0.717394,0.955049,0.148752
220,2020.6379,0.720116,0.955645,0.151343
221,2020.6407,0.718698,0.956736,0.143121
222,2020.6434,0.717723,0.955984,0.142866
223,2020.6461,0.718307,0.955721,0.140534
224,2020.6516,0.718997,0.955869,0.143382
225,2020.6571,0.719575,0.955443,0.139639
226,2020.6598,0.718596,0.955146,0.13876
227,2020.6626,0.720293,0.954366,0.141958
228,2020.6653,0.718738,0.953544,0.140272
229,2020.668,0.719182,0.954143,0.140478
230,2020.6708,0.719242,0.953232,0.135025
231,2020.6735,0.718083,0.953739,0.138395
232,2020.6762,0.71914,0.953405,0.134807
233,2020.679,0.720622,0.953545,0.137108
234,2020.6817,0.717792,0.953569,0.142688
235,2020.6845,0.717091,0.953318,0.130862
236,2020.6872,0.718574,0.954424,0.133299
237,2020.6899,0.720958,0.951629,0.135333
238,2020.6927,0.719802,0.952833,0.135785
239,2020.6954,0.719211,0.954381,0.133565
240,2020.6982,0.718647,0.953961,0.13235
241,2020.7009,0.720036,0.954067,0.131403
242,2020.7036,0.720053,0.953229,0.129594
243,2020.7064,0.719854,0.952991,0.134327
244,2020.7091,0.718536,0.953837,0.133271
245,2020.7118,0.718329,0.953288,0.135174
246,2020.7146,0.717911,0.953881,0.135157
247,2020.7173,0.716932,0.952914,0.133166
248,2020.7201,0.716919,0.953593,0.132682
249,2020.7228,0.716302,0.953641,0.138521
250,2020.7255,0.715328,0.951788,0.132986
251,2020.7283,0.715671,0.952555,0.135581
252,2020.731,0.716202,0.951895,0.136128
253,2020.7337,0.717322,0.951956,0.136615
254,2020.7365,0.714953,0.95347,0.135959
255,2020.7392,0.717816,0.952944,0.136434
256,2020.7447,0.717957,0.953513,0.13647
257,2020.7474,0.717423,0.952982,0.134915
258,2020.7502,0.715319,0.953045,0.135053
259,2020.7529,0.715659,0.953762,0.138795
260,2020.7556,0.716224,0.954248,0.138118
261,2020.7584,0.716153,0.953033,0.133376
262,2020.7611,0.715609,0.953194,0.135387
263,2020.7639,0.715941,0.951757,0.134607
264,2020.7666,0.715537,0.952952,0.137865
265,2020.7693,0.716977,0.952051,0.139432
266,2020.7721,0.716907,0.952987,0.137815
267,2020.7748,0.715725,0.952628,0.140653
268,2020.7775,0.715704,0.953246,0.136599
269,2020.7803,0.715593,0.954256,0.138117
270,2020.783,0.716171,0.952837,0.138053
271,2020.7858,0.714982,0.952945,0.138358
272,2020.7885,0.716077,0.953606,0.133413
273,2020.7912,0.715663,0.953638,0.134179
274,2020.794,0.714754,0.954889,0.134295
275,2020.7967,0.716523,0.955513,0.139908
276,2020.7995,0.715906,0.953828,0.135874
277,2020.8022,0.715107,0.954201,0.136007
278,2020.8049,0.715054,0.952971,0.138162
279,2020.8077,0.71443,0.95362,0.140551
280,2020.8104,0.714189,0.954664,0.14096
281,2020.8131,0.714916,0.953673,0.145374
282,2020.8159,0.713168,0.952149,0.140132
283,2020.8186,0.713983,0.951234,0.139018
284,2020.8214,0.715401,0.951553,0.141004
285,2020.8241,0.712024,0.951395,0.137365
286,2020.8268,0.714268,0.952247,0.140434
287,2020.8296,0.715004,0.951597,0.140333
288,2020.8323,0.714875,0.952132,0.145936
289,2020.835,0.714527,0.952436,0.140648
290,2020.8378,0.712623,0.952696,0.142434
291,2020.8405,0.7132,0.952399,0.145651
292,2020.8433,0.713393,0.951518,0.142246
293,2020.846,0.711769,0.951656,0.14289
294,2020.8487,0.712198,0.950881,0.144068
295,2020.8515,0.713004,0.950483,0.145754
296,2020.8542,0.713801,0.950841,0.153286
297,2020.8569,0.714207,0.950988,0.145665
298,2020.8597,0.713999,0.951426,0.146456
299,2020.8624,0.713575,0.950434,0.145221
300,2020.8652,0.713475,0.950003,0.146223
301,2020.8679,0.712739,0.949151,0.143787
302,2020.8706,0.711328,0.950722,0.146313
303,2020.8734,0.710833,0.950232,0.144577
304,2020.8761,0.712835,0.950865,0.148068
305,2020.8789,0.714232,0.952427,0.152589
306,2020.8816,0.713269,0.951555,0.15226
307,2020.8843,0.71417,0.952265,0.144692
308,2020.8871,0.713905,0.952188,0.143725
309,2020.8898,0.713584,0.951522,0.150477
310,2020.8925,0.714535,0.952556,0.14668
311,2020.8953,0.714681,0.953433,0.154327
312,2020.898,0.714225,0.952366,0.151839
313,2020.9008,0.713703,0.953789,0.153048
314,2020.9035,0.712144,0.953982,0.150008
315,2020.9062,0.715529,0.953659,0.150981
316,2020.909,0.714107,0.953448,0.149502
317,2020.9117,0.716574,0.955714,0.150123
318,2020.9144,0.714451,0.953925,0.155093
319,2020.9172,0.712667,0.95424,0.151524
320,2020.9199,0.713628,0.954645,0.149961
321,2020.9227,0.714128,0.953286,0.148765
322,2020.9254,0.713314,0.955011,0.144407
323,2020.9281,0.713091,0.954042,0.147324
324,2020.9309,0.71094,0.95449,0.14852
325,2020.9336,0.713038,0.955025,0.141532
326,2020.9363,0.711902,0.953944,0.148012
327,2020.9391,0.711781,0.953724,0.14894
328,2020.9418,0.710368,0.953734,0.147491
329,2020.9446,0.711108,0.95522,0.148783
330,2020.9473,0.711751,0.953684,0.147214
331,2020.95,0.711575,0.954322,0.149022
332,2020.9528,0.711347,0.953263,0.149815
333,2020.9555,0.712909,0.954592,0.148717
334,2020.9582,0.712798,0.955187,0.150014
335,2020.961,0.713572,0.955037,0.149536
336,2020.9637,0.713258,0.953725,0.148161
337,2020.9665,0.712352,0.954684,0.149624
338,2020.9692,0.713645,0.952418,0.148786
339,2020.9719,0.713012,0.953267,0.151068
340,2020.9747,0.712098,0.953319,0.150366
341,2020.9774,0.71158,0.952418,0.150173
342,2020.9802,0.711449,0.952996,0.146073
343,2020.9829,0.712254,0.953058,0.147506
344,2020.9856,0.710955,0.953198,0.152047
345,2020.9884,0.711498,0.953416,0.153046
346,2020.9911,0.709983,0.952771,0.156091
347,2020.9938,0.71224,0.954559,0.153795
348,2020.9966,0.710433,0.953581,0.150884
349,2020.9993,0.711324,0.95439,0.152447
350,2021.0021,0.710973,0.954716,0.15194
351,2021.0048,0.711128,0.954396,0.149792
352,2021.0075,0.710672,0.954351,0.154344
353,2021.0103,0.708162,0.954209,0.153847
354,2021.013,0.711142,0.954751,0.155874
355,2021.0157,0.71208,0.954043,0.150317
356,2021.0185,0.71289,0.954269,0.15175
357,2021.0212,0.711442,0.95391,0.150172
358,2021.024,0.710806,0.955024,0.153133
359,2021.0267,0.709675,0.954869,0.154382
360,2021.0294,0.710275,0.953284,0.152532
361,2021.0322,0.709116,0.953158,0.153166
362,2021.0349,0.708532,0.954174,0.154731
363,2021.0376,0.710231,0.955608,0.149793
364,2021.0404,0.711758,0.954597,0.153361
365,2021.0431,0.709055,0.956839,0.155989
366,2021.0459,0.709098,0.954127,0.153261
367,2021.0486,0.710472,0.954396,0.154357
368,2021.0513,0.711544,0.953071,0.152963
369,2021.0541,0.712989,0.955055,0.149505
370,2021.0568,0.711347,0.953389,0.154819
371,2021.0595,0.71359,0.953896,0.157386
372,2021.0623,0.713599,0.95315,0.15243
373,2021.065,0.713145,0.953696,0.151712
374,2021.0678,0.712069,0.952853,0.155835
375,2021.0705,0.712827,0.954717,0.1564
376,2021.0732,0.7129,0.954491,0.153985
377,2021.076,0.712198,0.952725,0.152061
378,2021.0787,0.710436,0.95467,0.152373
379,2021.0815,0.711259,0.955453,0.150815
380,2021.0842,0.711556,0.956681,0.145625
381,2021.0869,0.709592,0.955564,0.149586
382,2021.0897,0.711117,0.956327,0.150152
383,2021.0924,0.711091,0.955368,0.147631
384,2021.0979,0.709057,0.955562,0.146915
385,2021.1006,0.709592,0.95602,0.149526
386,2021.1034,0.709727,0.95627,0.150476
387,2021.1061,0.709799,0.954991,0.151152
388,2021.1088,0.710158,0.956415,0.155981
389,2021.1116,0.709997,0.957011,0.149823
390,2021.1143,0.709609,0.956583,0.149053
391,2021.117,0.70851,0.956709,0.151857
392,2021.1198,0.710045,0.955655,0.159325
393,2021.1225,0.708223,0.957167,0.154972
394,2021.1253,0.708421,0.95638,0.152861
395,2021.128,0.707964,0.956973,0.152181
396,2021.1307,0.708586,0.95673,0.152798
397,2021.1335,0.708717,0.956947,0.147238
398,2021.1362,0.710089,0.956794,0.152263
399,2021.1389,0.709496,0.956352,0.150216
400,2021.1417,0.708547,0.955591,0.147972
401,2021.1444,0.707569,0.955946,0.146323
402,2021.1472,0.707246,0.955538,0.145423
403,2021.1499,0.707249,0.956049,0.151073
404,2021.1526,0.707394,0.955413,0.144535
405,2021.1554,0.707907,0.956364,0.149494
406,2021.1581,0.706427,0.956287,0.149786
407,2021.1608,0.706427,0.956167,0.144867
408,2021.1636,0.706061,0.955697,0.145242
409,2021.1663,0.707289,0.957239,0.146387
410,2021.1691,0.707665,0.955676,0.149471
411,2021.1718,0.707194,0.95581,0.139963
412,2021.1745,0.709337,0.958152,0.137536
413,2021.1773,0.709621,0.957942,0.141047
414,2021.18,0.71052,0.95675,0.134121
415,2021.1828,0.708303,0.956144,0.135092
416,2021.1855,0.708071,0.957795,0.13493
417,2021.1882,0.710393,0.958005,0.137864
418,2021.191,0.709487,0.956272,0.135524
419,2021.1937,0.710824,0.954925,0.133066
420,2021.1964,0.710337,0.95631,0.135045
421,2021.1992,0.707193,0.958017,0.135176
422,2021.2019,0.708765,0.958908,0.135532
423,2021.2047,0.708064,0.957074,0.13495
424,2021.2074,0.70854,0.956998,0.135586
425,2021.2101,0.707506,0.955969,0.134556
426,2021.2129,0.707872,0.956869,0.136983
427,2021.2156,0.707778,0.957694,0.134197
428,2021.2183,0.706238,0.956606,0.135041
429,2021.2211,0.707515,0.959238,0.131097
430,2021.2238,0.707212,0.957168,0.13399
431,2021.2266,0.706945,0.958186,0.133867
432,2021.2293,0.706592,0.957451,0.137922
433,2021.232,0.706746,0.959223,0.13649
434,2021.2348,0.706944,0.958899,0.130017
435,2021.2375,0.707547,0.958616,0.132213
436,2021.2402,0.708493,0.957475,0.133585
437,2021.243,0.706685,0.957707,0.132863
438,2021.2457,0.707202,0.958837,0.128733
439,2021.2485,0.709279,0.957696,0.124818
440,2021.2512,0.708617,0.958233,0.131892
441,2021.2539,0.709629,0.959243,0.12492
442,2021.2567,0.709912,0.959298,0.125665
443,2021.2594,0.70998,0.956912,0.128451
444,2021.2621,0.70972,0.958309,0.128331
445,2021.2649,0.708975,0.958528,0.125552
446,2021.2676,0.709746,0.958892,0.125064
447,2021.2704,0.708834,0.959058,0.125484
448,2021.2731,0.70827,0.958284,0.12684
449,2021.2758,0.708537,0.96012,0.124843
450,2021.2786,0.710273,0.959397,0.120786
451,2021.2813,0.709864,0.961647,0.126624
452,2021.2841,0.709316,0.959069,0.124363
453,2021.2868,0.710573,0.959044,0.121318
454,2021.2895,0.707866,0.959116,0.123231
455,2021.2923,0.707591,0.960082,0.112961
456,2021.295,0.707938,0.960109,0.117325
457,2021.2977,0.707543,0.961914,0.117823
458,2021.3005,0.708854,0.959561,0.118607
459,2021.3032,0.708185,0.958661,0.117774
460,2021.306,0.707328,0.959761,0.122227
461,2021.3087,0.707038,0.959613,0.118777
462,2021.3114,0.709025,0.957428,0.122153
463,2021.3142,0.709709,0.958075,0.119781
464,2021.3169,0.708872,0.957857,0.122519
465,2021.3196,0.708139,0.959946,0.117346
466,2021.3224,0.707299,0.959471,0.116166
467,2021.3251,0.70887,0.960188,0.113056
468,2021.3279,0.707829,0.960047,0.111089
469,2021.3306,0.708157,0.960263,0.113813
470,2021.3333,0.706704,0.960392,0.11747
471,2021.3361,0.705897,0.959608,0.108237
472,2021.3388,0.704798,0.959876,0.108822
473,2021.3415,0.70496,0.958722,0.103552
474,2021.3443,0.707056,0.960854,0.107831
475,2021.347,0.706969,0.961547,0.108877
476,2021.3498,0.707025,0.961495,0.106816
477,2021.3525,0.705893,0.96164,0.107038
478,2021.3552,0.705904,0.961042,0.109957
479,2021.358,0.706887,0.960416,0.10846
480,2021.3607,0.706443,0.962041,0.104614
481,2021.3634,0.705351,0.960599,0.103446
482,2021.3662,0.706127,0.961608,0.103083
483,2021.3689,0.705322,0.9602,0.101218
484,2021.3717,0.70673,0.959763,0.104125
485,2021.3744,0.704195,0.960628,0.103338
486,2021.3771,0.70499,0.959428,0.104817
487,2021.3799,0.704473,0.960166,0.105391
488,2021.3826,0.704811,0.962032,0.104767
489,2021.3854,0.70545,0.960753,0.105583
490,2021.3881,0.705972,0.959932,0.101704
491,2021.3908,0.705857,0.961884,0.100885
492,2021.3936,0.706679,0.962707,0.100057
493,2021.3963,0.705726,0.961969,0.09825
494,2021.399,0.706319,0.962004,0.095883
495,2021.4018,0.706214,0.96258,0.093253
496,2021.4045,0.707107,0.962752,0.092599
497,2021.4073,0.707523,0.963199,0.09428
498,2021.41,0.708831,0.963569,0.098733
499,2021.4127,0.709236,0.96276,0.09066
500,2021.4155,0.708774,0.962157,0.094297
501,2021.4182,0.7094,0.962306,0.090304
502,2021.4209,0.708347,0.96325,0.092967
503,2021.4237,0.707439,0.96157,0.091333
504,2021.4264,0.707933,0.961435,0.086123
505,2021.4292,0.707229,0.961521,0.088138
506,2021.4319,0.706843,0.961823,0.085504
507,2021.4346,0.706943,0.962589,0.084456
508,2021.4374,0.706488,0.96198,0.086369
509,2021.4401,0.707128,0.963012,0.084455
510,2021.4428,0.70651,0.962629,0.08462
511,2021.4456,0.706859,0.963135,0.083528
512,2021.4483,0.705411,0.963894,0.083599
513,2021.4511,0.704848,0.963727,0.08291
514,2021.4538,0.705409,0.962573,0.080843
515,2021.4565,0.704441,0.964751,0.080325
516,2021.4593,0.703835,0.963378,0.080789
517,2021.462,0.704063,0.963168,0.079259
518,2021.4648,0.702173,0.962383,0.073649
519,2021.4675,0.702413,0.96312,0.074256
520,2021.4702,0.703372,0.962515,0.069819
521,2021.473,0.705537,0.961012,0.076552
522,2021.4757,0.70588,0.96066,0.071437
523,2021.4784,0.705489,0.961401,0.070631
524,2021.4812,0.703813,0.960932,0.069315
525,2021.4839,0.704612,0.960918,0.07097
526,2021.4867,0.705782,0.96097,0.067124
527,2021.4894,0.706325,0.962341,0.06874
528,2021.4921,0.706346,0.962687,0.068276
529,2021.4949,0.706196,0.960904,0.07159
530,2021.4976,0.704795,0.961656,0.064901
531,2021.5003,0.704828,0.961064,0.065755
532,2021.5031,0.705574,0.961046,0.062288
533,2021.5058,0.707351,0.962032,0.063673
534,2021.5086,0.707501,0.962799,0.065175
535,2021.5113,0.707063,0.963176,0.062949
536,2021.514,0.707784,0.96215,0.061997
537,2021.5168,0.707798,0.961911,0.061877
538,2021.5195,0.708024,0.963136,0.06317
539,2021.5222,0.707106,0.961827,0.057754
540,2021.525,0.708356,0.963232,0.059357
541,2021.5277,0.708536,0.962412,0.057336
542,2021.5305,0.709359,0.961427,0.05458
543,2021.5332,0.708595,0.962762,0.053958
544,2021.5359,0.710166,0.962963,0.051804
545,2021.5387,0.710436,0.962002,0.052436
546,2021.5414,0.710445,0.963656,0.050783
547,2021.5441,0.71129,0.962294,0.049044
548,2021.5469,0.711516,0.96219,0.046209
549,2021.5496,0.710035,0.961327,0.043843
550,2021.5524,0.709453,0.960925,0.044294
551,2021.5551,0.708787,0.9608,0.04623
552,2021.5578,0.707496,0.958775,0.044911
553,2021.5606,0.707573,0.959377,0.039674
554,2021.5633,0.71076,0.961583,0.038408
555,2021.5661,0.712294,0.96019,0.037227
556,2021.5688,0.710109,0.960365,0.042436
557,2021.5715,0.712208,0.962157,0.038867
558,2021.5743,0.710518,0.963475,0.038197
559,2021.577,0.710043,0.962421,0.029283
560,2021.5797,0.70954,0.961889,0.030278
561,2021.5825,0.711888,0.962106,0.023381
562,2021.5852,0.710166,0.962496,0.02543
563,2021.588,0.711306,0.961898,0.031001
564,2021.5907,0.711182,0.961972,0.027288
565,2021.5934,0.712042,0.961844,0.028439
566,2021.5962,0.71207,0.961094,0.02599
567,2021.5989,0.710583,0.961507,0.024627
568,2021.6016,0.71128,0.96195,0.022212
569,2021.6044,0.710179,0.962373,0.024816
570,2021.6071,0.710637,0.961133,0.017059
571,2021.6099,0.711501,0.961291,0.022765
572,2021.6126,0.712077,0.962168,0.019182
573,2021.6153,0.714689,0.960979,0.014435
574,2021.6181,0.713541,0.960162,0.012099
575,2021.6208,0.71202,0.961193,0.019077
576,2021.6235,0.710939,0.961031,0.020576
577,2021.6263,0.711683,0.960377,0.016964
578,2021.629,0.713362,0.959165,0.013944
579,2021.6318,0.711888,0.958879,0.012026
580,2021.6345,0.713925,0.959131,0.013961
581,2021.6372,0.713743,0.960715,0.015437
582,2021.64,0.712757,0.960449,0.014103
583,2021.6427,0.712735,0.960091,0.008615
584,2021.6454,0.713362,0.960611,0.007124
585,2021.6482,0.712943,0.960808,0.005255
586,2021.6509,0.713395,0.960749,0.00664
587,2021.6537,0.7136,0.959732,0.00445
588,2021.6564,0.712498,0.95929,0.009327
589,2021.6591,0.712203,0.960638,0.005346
590,2021.6619,0.711765,0.959775,0.005437
591,2021.6646,0.712457,0.96101,0.008914
592,2021.6674,0.712297,0.960688,0.008592
593,2021.6701,0.713211,0.959646,0.00256
594,2021.6728,0.714013,0.959747,0.002248
595,2021.6756,0.714617,0.959069,0.000145
596,2021.6783,0.712092,0.958138,0.000256
597,2021.681,0.712383,0.958806,-0.002706
598,2021.6838,0.713959,0.95807,-0.001039
599,2021.6865,0.713894,0.960029,-0.003951
600,2021.6893,0.71329,0.958062,-0.004752
601,2021.692,0.71322,0.958625,-0.007252
602,2021.6947,0.71198,0.959747,-0.001939
603,2021.6975,0.71231,0.959967,0.002008
604,2021.7002,0.711622,0.95919,-0.005033
605,2021.7029,0.710778,0.959135,0.000187
606,2021.7057,0.712056,0.957757,0.00267
607,2021.7084,0.713279,0.958575,0.003226
608,2021.7112,0.713394,0.958595,0.002886
609,2021.7139,0.710876,0.95907,0.002454
610,2021.7166,0.710346,0.95889,-0.003199
611,2021.7194,0.711313,0.959317,0.003939
612,2021.7221,0.711071,0.959022,-0.002353
613,2021.7248,0.71146,0.958107,-0.00526
614,2021.7276,0.709722,0.957283,0.000572
615,2021.7303,0.710074,0.95824,0.002756
616,2021.7331,0.711358,0.958387,0.001518
617,2021.7358,0.70809,0.957553,-0.000655
618,2021.7385,0.70881,0.957173,-0.002851
619,2021.7413,0.708167,0.956736,-0.002956
620,2021.744,0.707574,0.956327,0.00309
621,2021.7467,0.707795,0.958072,-0.000466
622,2021.7495,0.707576,0.958078,0.001856
623,2021.7522,0.707002,0.957771,0.000565
624,2021.755,0.706722,0.958564,-0.002806
625,2021.7577,0.706827,0.958289,0.00066
626,2021.7604,0.707397,0.956299,0.001391
627,2021.7632,0.705872,0.958201,0.004885
628,2021.7659,0.708084,0.95919,-0.000697
629,2021.7687,0.708795,0.956248,-0.00288
630,2021.7714,0.706958,0.95846,-0.004174
631,2021.7741,0.707211,0.958573,-0.001732
632,2021.7769,0.705248,0.956808,0.00422
633,2021.7796,0.70728,0.957664,0.006909
634,2021.7823,0.706245,0.958475,0.002848
635,2021.7878,0.707904,0.958532,0.000452
636,2021.7906,0.706132,0.958172,-0.000133
637,2021.7933,0.707823,0.956968,0.003398
638,2021.796,0.705278,0.957429,0.005625
639,2021.7988,0.706817,0.957673,-0.001234
640,2021.8015,0.70806,0.956271,0.004965
641,2021.8042,0.708675,0.956569,0.000215
642,2021.807,0.70614,0.956978,0.002774
643,2021.8097,0.704432,0.955845,0.001527
644,2021.8125,0.70538,0.954526,0.003189
645,2021.8152,0.705356,0.956806,0.004737
646,2021.8179,0.70688,0.956831,0.003594
647,2021.8207,0.706512,0.957515,0.004183
648,2021.8234,0.705735,0.958565,0.00368
649,2021.8261,0.706256,0.958037,0.003256
650,2021.8289,0.705459,0.956102,0.004747
651,2021.8316,0.706297,0.957879,0.006039
652,2021.8344,0.707887,0.957902,0.004518
653,2021.8371,0.707256,0.956595,0.005225
654,2021.8398,0.706747,0.95845,0.003923
655,2021.8426,0.705586,0.956989,0.004695
656,2021.8453,0.706512,0.95634,0.009695
657,2021.848,0.706117,0.956116,0.009553
658,2021.8508,0.70718,0.956534,0.009484
659,2021.8535,0.706483,0.957868,0.012617
660,2021.8563,0.706128,0.957381,0.008527
661,2021.859,0.705866,0.959046,0.005767
662,2021.8617,0.705969,0.956835,0.005532
663,2021.8645,0.70619,0.958342,0.006022
664,2021.8672,0.705479,0.958004,0.006768
665,2021.87,0.704493,0.958483,0.008729
666,2021.8727,0.704265,0.956937,0.007899
667,2021.8754,0.705044,0.957465,0.012013
668,2021.8782,0.704978,0.957963,0.016133
669,2021.8809,0.705073,0.958488,0.009248
670,2021.8836,0.704575,0.958888,0.015734
671,2021.8864,0.704932,0.95751,0.009416
672,2021.8891,0.7057,0.957907,0.009201
673,2021.8919,0.70605,0.957191,0.011268
674,2021.8946,0.706473,0.957603,0.013814
675,2021.8973,0.703733,0.956665,0.011927
676,2021.9001,0.706041,0.957689,0.007698
677,2021.9028,0.704993,0.957574,0.010977
678,2021.9055,0.704237,0.958774,0.008851
679,2021.9083,0.703527,0.957501,0.008628
680,2021.911,0.704233,0.961025,0.012539
681,2021.9138,0.703305,0.957764,0.014068
682,2021.9165,0.704457,0.95726,0.015404
683,2021.9192,0.704915,0.957672,0.009548
684,2021.922,0.702965,0.958559,0.013093
685,2021.9247,0.703359,0.958506,0.011363
686,2021.9274,0.702977,0.958678,0.015176
687,2021.9302,0.702625,0.957663,0.010916
688,2021.9329,0.702741,0.956234,0.017789
689,2021.9357,0.704564,0.956933,0.015279
690,2021.9384,0.704931,0.957546,0.015005
691,2021.9411,0.703362,0.957329,0.014295
692,2021.9439,0.703952,0.957364,0.013912
693,2021.9466,0.702163,0.956307,0.013758
694,2021.9493,0.705699,0.956073,0.022734
695,2021.9521,0.703336,0.958296,0.01511
696,2021.9548,0.703906,0.958775,0.012348
697,2021.9576,0.704651,0.957867,0.012051
698,2021.9603,0.704704,0.957897,0.010331
699,2021.963,0.706178,0.958349,0.011879
700,2021.9658,0.704878,0.957762,0.016223
701,2021.9685,0.702325,0.959065,0.012934
702,2021.9713,0.702636,0.958279,0.015808
703,2021.974,0.705047,0.957814,0.015833
704,2021.9767,0.704231,0.957278,0.020435
705,2021.9795,0.704066,0.958757,0.023724
706,2021.9822,0.703435,0.959279,0.01797
707,2021.9849,0.702604,0.959976,0.013579
708,2021.9877,0.703565,0.960145,0.013813
709,2021.9904,0.703977,0.960052,0.01746
710,2021.9932,0.704209,0.959249,0.021044
711,2021.9959,0.702158,0.959185,0.015656
712,2021.9986,0.703203,0.959865,0.015209
713,2022.0014,0.703353,0.962042,0.011757
714,2022.0041,0.705705,0.960441,0.013623
715,2022.0068,0.706566,0.960355,0.010437
716,2022.0096,0.703866,0.958981,0.011032
717,2022.0123,0.703637,0.959077,0.012098
718,2022.0151,0.704589,0.960343,0.015152
719,2022.0178,0.704152,0.959076,0.018397
720,2022.0205,0.703264,0.959994,0.017382
721,2022.0233,0.704539,0.960831,0.011234
722,2022.026,0.704241,0.959815,0.009789
723,2022.0287,0.703969,0.959962,0.0079
724,2022.0315,0.703699,0.961204,0.009493
725,2022.0342,0.705414,0.960971,0.009286
726,2022.037,0.704539,0.960606,0.014545
727,2022.0397,0.702987,0.959637,0.018695
728,2022.0424,0.704193,0.959867,0.016008
729,2022.0452,0.701945,0.961988,0.012851
730,2022.0479,0.700896,0.96315,0.011276
731,2022.0507,0.702331,0.9621,0.007486
732,2022.0534,0.704841,0.961278,0.013056
733,2022.0561,0.702611,0.96161,0.010213
734,2022.0589,0.702052,0.96309,0.007203
735,2022.0616,0.702216,0.962485,0.012624
736,2022.0643,0.703248,0.962344,0.014152
737,2022.0671,0.701844,0.960958,0.015113
738,2022.0698,0.702912,0.960862,0.016575
739,2022.0726,0.702486,0.963099,0.013972
740,2022.0753,0.701489,0.962373,0.008949
741,2022.078,0.702061,0.961304,0.016026
742,2022.0808,0.700629,0.961877,0.014977
743,2022.0835,0.701575,0.961705,0.01566
744,2022.0862,0.701824,0.962214,0.0145
745,2022.089,0.702066,0.962921,0.012165
746,2022.0917,0.701246,0.962457,0.01202
747,2022.0945,0.70184,0.96235,0.010316
748,2022.0972,0.700761,0.962185,0.007347
749,2022.0999,0.701345,0.963187,0.009852
750,2022.1027,0.700768,0.962264,0.007566
751,2022.1054,0.701794,0.961832,0.006199
752,2022.1081,0.701653,0.962353,0.009678
753,2022.1109,0.701466,0.961765,0.009229
754,2022.1136,0.700829,0.962481,0.008053
755,2022.1164,0.703624,0.962606,0.007352
756,2022.1191,0.703751,0.962893,0.005043
757,2022.1218,0.704058,0.961954,0.006596
758,2022.1246,0.701296,0.962431,0.010628
759,2022.1273,0.703083,0.963221,0.015801
760,2022.13,0.703707,0.963799,0.011119
761,2022.1328,0.702682,0.962773,0.009922
762,2022.1355,0.703948,0.965362,0.009824
763,2022.1383,0.703928,0.964508,0.01315
764,2022.141,0.703044,0.964095,0.0124
765,2022.1437,0.705485,0.964646,0.010462
766,2022.1465,0.705098,0.965283,0.00938
767,2022.1492,0.705017,0.964497,0.007207
768,2022.152,0.705728,0.965374,0.006601
769,2022.1547,0.704446,0.964978,0.002144
770,2022.1574,0.704808,0.964891,0.00486
771,2022.1602,0.704344,0.967094,0.002261
772,2022.1629,0.704711,0.965883,0.004709
773,2022.1656,0.70478,0.965709,0.005656
774,2022.1684,0.703593,0.96446,0.004201
775,2022.1711,0.702122,0.964312,0.009801
776,2022.1739,0.69941,0.966058,0.00503
777,2022.1766,0.699987,0.966619,-0.000503
778,2022.1793,0.699573,0.966491,-0.000668
779,2022.1821,0.698968,0.966465,-0.002117
780,2022.1848,0.699577,0.965354,0.003781
781,2022.1875,0.699658,0.965776,0.003389
782,2022.1903,0.701207,0.966774,-0.002292
783,2022.193,0.700935,0.9648,0.000475
784,2022.1958,0.69951,0.965463,0.001747
785,2022.1985,0.702004,0.965074,-0.000452
786,2022.2012,0.701246,0.964873,0.005003
787,2022.204,0.697937,0.96627,-0.001381
788,2022.2067,0.699795,0.964591,0.002903
789,2022.2094,0.700926,0.96615,0.003906
790,2022.2122,0.700602,0.964381,0.004741
791,2022.2149,0.700282,0.965073,0.004123
792,2022.2177,0.70021,0.966103,0.001408
793,2022.2204,0.701064,0.966144,-0.000822
794,2022.2231,0.700828,0.966208,-0.002099
795,2022.2259,0.700696,0.966969,-0.001297
796,2022.2286,0.700308,0.965735,-0.001163
797,2022.2313,0.700199,0.966326,-0.005437
798,2022.2341,0.700629,0.966287,-0.002654
799,2022.2368,0.700275,0.96643,-0.001668
800,2022.2396,0.70128,0.966007,-0.008308
801,2022.2423,0.699501,0.966856,-0.002653
802,2022.245,0.700048,0.964372,-0.008163
803,2022.2478,0.700279,0.965763,-0.00232
804,2022.2505,0.701901,0.966148,-0.007193
805,2022.2533,0.702022,0.966434,-0.009139
806,2022.256,0.701027,0.963749,-0.002948
807,2022.2587,0.700225,0.965531,-0.004827
808,2022.2615,0.698857,0.9663,-0.011287
809,2022.2642,0.700766,0.965305,-0.012146
810,2022.2669,0.700934,0.966248,-0.011789
811,2022.2697,0.701331,0.966766,-0.010767
812,2022.2724,0.699857,0.966352,-0.008601
813,2022.2779,0.698741,0.968625,-0.012045
814,2022.2806,0.700484,0.967335,-0.016464
815,2022.2834,0.701206,0.966998,-0.01394
816,2022.2861,0.700934,0.966411,-0.016413
817,2022.2888,0.703305,0.965964,-0.017523
818,2022.2916,0.703326,0.967468,-0.019593
819,2022.2943,0.703023,0.965724,-0.021785
820,2022.2971,0.70152,0.964626,-0.019442
821,2022.2998,0.700977,0.964314,-0.017887
822,2022.3025,0.701438,0.965917,-0.020411
823,2022.3053,0.701529,0.966403,-0.021106
824,2022.3107,0.70068,0.96674,-0.023143
825,2022.3135,0.700633,0.966091,-0.02547
826,2022.3162,0.701351,0.965036,-0.021298
827,2022.319,0.699338,0.966417,-0.023263
828,2022.3217,0.698114,0.966201,-0.019298
829,2022.3244,0.696598,0.96907,-0.023632
830,2022.3272,0.698169,0.966797,-0.021989
831,2022.3299,0.698315,0.968164,-0.018811
832,2022.3326,0.700037,0.967769,-0.020101
833,2022.3354,0.698433,0.967678,-0.024824
834,2022.3381,0.69834,0.965979,-0.024715
835,2022.3409,0.697224,0.966035,-0.031155
836,2022.3436,0.69515,0.966362,-0.025057
837,2022.3463,0.694757,0.96759,-0.028955
838,2022.3491,0.697057,0.968007,-0.020078
839,2022.3518,0.696065,0.967342,-0.019327
840,2022.3546,0.694831,0.969386,-0.023099
841,2022.3573,0.693579,0.968697,-0.028267
842,2022.36,0.693916,0.967824,-0.029795
843,2022.3628,0.694757,0.968442,-0.028318
844,2022.3655,0.693305,0.968086,-0.027007
845,2022.3682,0.693385,0.969564,-0.029625
846,2022.3737,0.692537,0.971468,-0.030489
847,2022.3765,0.694028,0.970069,-0.03382
848,2022.3792,0.694658,0.968927,-0.034058
849,2022.3819,0.694973,0.970285,-0.027118
850,2022.3847,0.696144,0.971636,-0.033079
851,2022.3874,0.69647,0.970983,-0.034315
852,2022.3929,0.695182,0.970441,-0.034166
853,2022.3956,0.694912,0.971706,-0.036455
854,2022.3984,0.694638,0.970299,-0.034479
855,2022.4011,0.693936,0.969493,-0.036843
856,2022.4038,0.69505,0.970092,-0.038434
857,2022.4066,0.695958,0.969556,-0.039535
858,2022.4093,0.69601,0.970899,-0.038024
859,2022.412,0.696603,0.969896,-0.039998
860,2022.4148,0.695939,0.970022,-0.040148
861,2022.4175,0.69673,0.969442,-0.043406
862,2022.4203,0.697251,0.969633,-0.040617
863,2022.423,0.696554,0.970273,-0.042653
864,2022.4257,0.695675,0.968313,-0.044227
865,2022.4285,0.695656,0.970221,-0.046395
866,2022.4312,0.695843,0.969122,-0.050953
867,2022.4339,0.696817,0.969846,-0.050072
868,2022.4367,0.695733,0.969951,-0.050435
869,2022.4394,0.696935,0.969364,-0.051031
870,2022.4422,0.6973,0.971508,-0.052028
871,2022.4449,0.695952,0.969949,-0.052735
872,2022.4476,0.694388,0.970725,-0.05291
873,2022.4504,0.694224,0.970657,-0.057445
874,2022.4531,0.69379,0.969727,-0.05346
875,2022.4559,0.694754,0.970603,-0.055295
876,2022.4586,0.69335,0.97195,-0.056633
877,2022.4613,0.694769,0.971162,-0.057244
878,2022.4641,0.695969,0.969278,-0.061297
879,2022.4668,0.695299,0.970242,-0.058508
880,2022.4695,0.696135,0.97001,-0.061823
881,2022.4723,0.695555,0.972215,-0.060751
882,2022.475,0.694534,0.970542,-0.060891
883,2022.4778,0.695016,0.971389,-0.063951
884,2022.4805,0.694354,0.970156,-0.06422
885,2022.4832,0.695036,0.969568,-0.069075
886,2022.486,0.696303,0.969111,-0.072366
887,2022.4887,0.698993,0.968837,-0.072323
888,2022.4914,0.699068,0.969352,-0.07104
889,2022.4942,0.695313,0.96924,-0.069087
890,2022.4969,0.69504,0.968141,-0.067227
891,2022.4997,0.696591,0.96963,-0.066804
892,2022.5024,0.697018,0.972109,-0.069294
893,2022.5051,0.696569,0.970676,-0.069038
894,2022.5079,0.696172,0.970938,-0.073039
895,2022.5106,0.696575,0.970256,-0.074439
896,2022.5133,0.697683,0.969673,-0.073342
897,2022.5161,0.697033,0.970009,-0.073983
898,2022.5188,0.69868,0.969981,-0.081879
899,2022.5216,0.69949,0.969424,-0.079283
900,2022.5243,0.697013,0.968236,-0.078728
901,2022.527,0.696688,0.967384,-0.082366
902,2022.5298,0.697561,0.968484,-0.079891
903,2022.5325,0.697944,0.96907,-0.081945
904,2022.5352,0.697633,0.969186,-0.087178
905,2022.538,0.697973,0.968155,-0.085779
906,2022.5407,0.698385,0.968423,-0.080985
907,2022.5435,0.699319,0.968657,-0.082739
908,2022.5462,0.697824,0.967196,-0.09063
909,2022.5489,0.699672,0.968294,-0.086017
910,2022.5517,0.698847,0.96703,-0.090061
911,2022.5544,0.699202,0.966601,-0.089612
912,2022.5681,0.698994,0.968326,-0.097332
913,2022.5708,0.697473,0.968109,-0.101135
914,2022.5736,0.699532,0.967254,-0.102441
915,2022.5763,0.700593,0.968933,-0.10667
916,2022.5791,0.700448,0.966423,-0.110817
917,2022.5818,0.700967,0.968407,-0.104539
918,2022.5845,0.699555,0.967824,-0.106131
919,2022.5873,0.700359,0.969186,-0.103504
920,2022.59,0.699825,0.968843,-0.108625
921,2022.5927,0.698831,0.969177,-0.106781
922,2022.5955,0.701365,0.968965,-0.111658
923,2022.5982,0.699955,0.968371,-0.110856
924,2022.601,0.700971,0.968253,-0.117977
925,2022.6092,0.699372,0.968021,-0.117426
926,2022.6119,0.699615,0.967897,-0.12392
927,2022.6146,0.700182,0.967679,-0.118834
928,2022.6174,0.699221,0.96697,-0.123706
929,2022.6201,0.699835,0.96758,-0.123676
930,2022.6229,0.698297,0.966464,-0.124514
931,2022.6256,0.699747,0.967263,-0.131265
932,2022.6283,0.70144,0.966967,-0.124758
933,2022.6311,0.700535,0.965203,-0.126464
934,2022.6338,0.701263,0.96886,-0.127511
935,2022.6366,0.700869,0.968605,-0.130797
936,2022.6393,0.701241,0.967885,-0.126659
937,2022.642,0.702847,0.966589,-0.12834
938,2022.6448,0.701791,0.967269,-0.129064
939,2022.6475,0.701161,0.966322,-0.127662
940,2022.6502,0.703004,0.967114,-0.12869
941,2022.653,0.70108,0.966525,-0.127185
942,2022.6557,0.701268,0.967203,-0.128302
943,2022.6585,0.704065,0.9686,-0.127367
944,2022.6612,0.701387,0.967214,-0.135106
945,2022.6639,0.703212,0.968927,-0.133702
946,2022.6667,0.702124,0.966247,-0.13317
947,2022.6694,0.701226,0.965261,-0.132667
948,2022.6721,0.70188,0.966091,-0.134747
949,2022.6749,0.70151,0.966715,-0.134164
950,2022.6776,0.700524,0.965457,-0.136398
951,2022.6804,0.700813,0.966444,-0.140468
952,2022.6858,0.698741,0.963991,-0.140165
953,2022.6886,0.699269,0.963541,-0.137371
954,2022.6913,0.70062,0.965082,-0.131494
955,2022.694,0.698557,0.966693,-0.13155
956,2022.6968,0.700291,0.965172,-0.13779
957,2022.6995,0.699111,0.965472,-0.135369
958,2022.7023,0.699294,0.966039,-0.133891
959,2022.705,0.699693,0.965953,-0.142546
960,2022.7077,0.698287,0.965946,-0.134908
961,2022.7105,0.698663,0.964587,-0.136573
962,2022.7132,0.699567,0.965087,-0.134669
963,2022.7159,0.70073,0.964481,-0.137672
964,2022.7187,0.69866,0.967072,-0.134437
965,2022.7214,0.69651,0.965078,-0.134297
966,2022.7242,0.69669,0.966744,-0.137369
967,2022.7269,0.696703,0.966134,-0.134847
968,2022.7296,0.696957,0.966219,-0.140432
969,2022.7324,0.696531,0.967524,-0.135366
970,2022.7351,0.696545,0.965215,-0.135058
971,2022.7379,0.696494,0.965282,-0.136308
972,2022.7406,0.695473,0.966542,-0.13793
973,2022.7461,0.695961,0.967709,-0.133488
974,2022.7488,0.696565,0.96633,-0.133605
975,2022.7515,0.694858,0.967221,-0.134921
976,2022.7543,0.694923,0.96623,-0.135215
977,2022.757,0.694871,0.967838,-0.136742
978,2022.7598,0.696032,0.968576,-0.138662
979,2022.7625,0.695667,0.966803,-0.13705
980,2022.7652,0.694598,0.965947,-0.137648
981,2022.768,0.695657,0.967061,-0.13871
982,2022.7707,0.694397,0.966892,-0.135018
983,2022.7734,0.695097,0.964833,-0.133507
984,2022.7762,0.696168,0.966383,-0.136789
985,2022.7789,0.694165,0.965441,-0.13714
986,2022.7817,0.695228,0.967079,-0.133354
987,2022.7844,0.693346,0.967553,-0.132562
988,2022.7871,0.693231,0.967322,-0.128707
989,2022.7899,0.695188,0.967091,-0.135741
990,2022.7926,0.695697,0.966408,-0.137246
991,2022.7953,0.695735,0.966135,-0.137502
992,2022.7981,0.693796,0.966408,-0.137861
993,2022.8008,0.693329,0.96583,-0.132905
994,2022.8036,0.692786,0.966187,-0.13459
995,2022.8063,0.691437,0.964442,-0.132083
996,2022.809,0.692351,0.966704,-0.134127
997,2022.8118,0.691912,0.967811,-0.139271
998,2022.8145,0.693118,0.966492,-0.137668
999,2022.8172,0.692328,0.967272,-0.134359
1000,2022.82,0.691942,0.968382,-0.135143
1001,2022.8227,0.691581,0.96761,-0.131512
1002,2022.8255,0.69258,0.969196,-0.13628
1003,2022.8282,0.692767,0.967733,-0.131335
1004,2022.8309,0.691902,0.966497,-0.134298
1005,2022.8337,0.694181,0.964968,-0.129397
1006,2022.8364,0.690915,0.9654,-0.132022
1007,2022.8775,0.692854,0.968487,-0.135837
1008,2022.8802,0.693062,0.970312,-0.134087
1009,2022.883,0.692945,0.969124,-0.128441
1010,2022.8857,0.694055,0.968126,-0.13299
1011,2022.8884,0.69615,0.967616,-0.130777
1012,2022.8912,0.692895,0.967901,-0.134461
1013,2022.8939,0.691709,0.967086,-0.130438
1014,2022.8966,0.693018,0.968418,-0.135375
1015,2022.8994,0.694648,0.967594,-0.129216
1016,2022.9021,0.692917,0.968253,-0.126663
1017,2022.9049,0.692831,0.967058,-0.125917
1018,2022.9076,0.692775,0.967135,-0.123281
1019,2022.9103,0.693144,0.968203,-0.124803
1020,2022.9131,0.693323,0.96739,-0.123206
1021,2022.9158,0.694033,0.966348,-0.119834
1022,2022.9185,0.691505,0.966562,-0.126381
1023,2022.9322,0.691191,0.966522,-0.123372
1024,2022.935,0.693328,0.967119,-0.129175
1025,2022.9377,0.693475,0.967006,-0.126199
1026,2022.9405,0.691809,0.968436,-0.121607
1027,2022.9432,0.690265,0.965343,-0.128235
1028,2022.9459,0.691717,0.967609,-0.124562
1029,2022.9487,0.691062,0.967669,-0.125365
1030,2022.9514,0.690582,0.970202,-0.124591
1031,2022.9541,0.692367,0.968824,-0.127056
1032,2022.9569,0.694076,0.968754,-0.130486
1033,2022.9596,0.691434,0.968517,-0.127196
1034,2022.9624,0.691482,0.967762,-0.122041
1035,2022.9651,0.692949,0.969036,-0.122528
1036,2022.9678,0.694426,0.970521,-0.129929
1037,2022.9706,0.694357,0.970218,-0.127635
1038,2022.9733,0.693554,0.96849,-0.126951
1039,2022.976,0.691897,0.968573,-0.125809
1040,2022.9788,0.692344,0.967943,-0.127203
1041,2022.9815,0.692494,0.967981,-0.125934
1042,2022.9843,0.692692,0.969041,-0.129605
1043,2022.987,0.692587,0.966802,-0.122788
1044,2022.9897,0.689561,0.967124,-0.127116
1045,2022.9925,0.689466,0.967582,-0.121943
1046,2022.9952,0.690507,0.966845,-0.119687
1047,2022.9979,0.689741,0.968971,-0.120051
1048,2023.0007,0.69083,0.969582,-0.122176
1049,2023.0034,0.690704,0.969628,-0.1273
1050,2023.0062,0.690638,0.970458,-0.12485
1051,2023.0089,0.690466,0.969869,-0.119097
1052,2023.0116,0.69194,0.970211,-0.127147
1053,2023.0144,0.690547,0.970941,-0.127334
1054,2023.0171,0.692163,0.970024,-0.130087
1055,2023.0198,0.690854,0.971449,-0.126016
1056,2023.0226,0.690393,0.971942,-0.130458
1057,2023.0253,0.692404,0.969074,-0.125505
1058,2023.0281,0.689072,0.969861,-0.124875
1059,2023.0308,0.691657,0.970745,-0.135704
1060,2023.0363,0.691109,0.969753,-0.133998
1061,2023.039,0.688984,0.970625,-0.126846
1062,2023.0418,0.69089,0.968633,-0.122621
1063,2023.0445,0.689656,0.97056,-0.13241
1064,2023.0472,0.689583,0.97111,-0.13549
1065,2023.05,0.690335,0.97096,-0.13285
1066,2023.0527,0.690653,0.972483,-0.137148
1067,2023.0554,0.68956,0.972092,-0.139279
1068,2023.0582,0.68942,0.971567,-0.13629
1069,2023.0609,0.688627,0.972655,-0.131459
1070,2023.0637,0.689816,0.973974,-0.138318
1071,2023.0664,0.69066,0.973921,-0.138815
1072,2023.0691,0.690599,0.974446,-0.137121
1073,2023.0719,0.689981,0.974601,-0.139251
1074,2023.0746,0.690417,0.97445,-0.134786
1075,2023.0773,0.68945,0.973202,-0.141446
1076,2023.0801,0.688777,0.974483,-0.134811
1077,2023.0828,0.69088,0.973514,-0.135963
1078,2023.0856,0.690351,0.97471,-0.136398
1079,2023.0883,0.689304,0.97393,-0.136285
1080,2023.091,0.691565,0.974187,-0.139046
1081,2023.0938,0.688359,0.974032,-0.140216
1082,2023.0965,0.689801,0.973351,-0.130448
1083,2023.0992,0.688664,0.973809,-0.134944
1084,2023.102,0.688575,0.973204,-0.137367
1085,2023.1047,0.688833,0.976069,-0.143334
1086,2023.1075,0.689324,0.974591,-0.145449
1087,2023.1102,0.689367,0.975048,-0.139499
1088,2023.1129,0.689824,0.975118,-0.137807
1089,2023.1157,0.687977,0.973675,-0.12691
1090,2023.1184,0.688358,0.973236,-0.136863
1091,2023.1211,0.686823,0.973987,-0.128226
1092,2023.1239,0.687479,0.973988,-0.14029
1093,2023.1266,0.688139,0.975904,-0.138952
1094,2023.1294,0.688715,0.976155,-0.133871
1095,2023.1321,0.688482,0.973751,-0.134168
1096,2023.1431,0.686371,0.974368,-0.12719
1097,2023.1595,0.687072,0.974263,-0.14004
1098,2023.1622,0.687946,0.973807,-0.140107
1099,2023.165,0.686657,0.975113,-0.138456
1100,2023.1677,0.686692,0.973796,-0.136095
1101,2023.1704,0.68742,0.97579,-0.137302
1102,2023.1732,0.686267,0.975822,-0.136002
1103,2023.1759,0.68756,0.977406,-0.146743
1104,2023.1786,0.687413,0.975891,-0.14261
1105,2023.1814,0.687574,0.975721,-0.149537
1106,2023.1841,0.687504,0.974391,-0.148033
1107,2023.1869,0.687456,0.975968,-0.142383
1108,2023.1896,0.683891,0.975154,-0.1409
1109,2023.1923,0.686353,0.973346,-0.142197
1110,2023.1951,0.686062,0.974794,-0.140138
1111,2023.1978,0.685518,0.971082,-0.138892
1112,2023.2005,0.684608,0.975446,-0.136383
1113,2023.2033,0.683876,0.97669,-0.142555
1114,2023.206,0.683928,0.975017,-0.14119
1115,2023.2088,0.684578,0.974609,-0.143574
1116,2023.2115,0.684384,0.974544,-0.143198
1117,2023.2142,0.684053,0.974388,-0.140504
1118,2023.217,0.68294,0.974276,-0.136084
1119,2023.2197,0.682671,0.974375,-0.140978
1120,2023.2225,0.68272,0.974791,-0.137593
1121,2023.2252,0.6831,0.975398,-0.141516
1122,2023.2279,0.681904,0.974911,-0.140803
1123,2023.2307,0.683024,0.976374,-0.144068
1124,2023.2334,0.682602,0.977835,-0.143844
1125,2023.2361,0.682293,0.975329,-0.140222
1126,2023.2389,0.682824,0.972957,-0.142169
1127,2023.2416,0.682359,0.975281,-0.144098
1128,2023.2444,0.682502,0.975824,-0.147813
1129,2023.2471,0.681694,0.977273,-0.146757
1130,2023.2498,0.678872,0.976997,-0.14621
1131,2023.2526,0.678808,0.975433,-0.141927
1132,2023.2553,0.679592,0.974979,-0.146476
1133,2023.258,0.67941,0.977828,-0.14318
1134,2023.2608,0.680666,0.978248,-0.149037
1135,2023.2635,0.681026,0.977929,-0.148955
1136,2023.2663,0.679576,0.977509,-0.138943
1137,2023.269,0.680587,0.977626,-0.144746
1138,2023.2717,0.681466,0.977068,-0.144321
1139,2023.2745,0.6788,0.976857,-0.148555
1140,2023.2772,0.67844,0.977028,-0.145007
1141,2023.2799,0.67721,0.976757,-0.146044
1142,2023.2827,0.678086,0.975871,-0.143274
1143,2023.2854,0.679797,0.977675,-0.144018
1144,2023.2882,0.678082,0.978292,-0.149256
1145,2023.2909,0.676829,0.977985,-0.144671
1146,2023.2936,0.677108,0.975875,-0.145403
1147,2023.2964,0.677769,0.977207,-0.146646
1148,2023.2991,0.679006,0.978415,-0.149336
1149,2023.3018,0.679484,0.978944,-0.153349
1150,2023.3046,0.678279,0.978382,-0.14714
1151,2023.3073,0.680617,0.977829,-0.149717
1152,2023.3101,0.679112,0.976718,-0.144268
1153,2023.3128,0.681582,0.977931,-0.150421
1154,2023.3155,0.680209,0.978014,-0.153207
1155,2023.3183,0.680076,0.97804,-0.15204
1156,2023.321,0.680575,0.978616,-0.148862
1157,2023.3238,0.681184,0.978659,-0.153189
1158,2023.3265,0.679158,0.977681,-0.149916
1159,2023.3292,0.677685,0.978149,-0.145966
1160,2023.332,0.678467,0.978908,-0.149311
1161,2023.3347,0.676912,0.977685,-0.143349
1162,2023.3374,0.677013,0.979193,-0.148044
1163,2023.3402,0.678751,0.978031,-0.14822
1164,2023.3429,0.677201,0.980975,-0.15206
1165,2023.3457,0.676609,0.980141,-0.157137
1166,2023.3484,0.676108,0.981227,-0.150504
1167,2023.3511,0.675925,0.980101,-0.145868
1168,2023.3539,0.675548,0.983373,-0.147016
1169,2023.3566,0.675935,0.980562,-0.155876
1170,2023.3593,0.67633,0.981253,-0.152539
1171,2023.3621,0.674662,0.982714,-0.150883
1172,2023.3676,0.673589,0.978472,-0.154436
1173,2023.3703,0.674397,0.980296,-0.154966
1174,2023.373,0.674565,0.98036,-0.151114
1175,2023.3758,0.675678,0.981236,-0.146041
1176,2023.3785,0.673684,0.982671,-0.155673
1177,2023.3812,0.674306,0.98333,-0.150886
1178,2023.384,0.67239,0.983308,-0.15177
1179,2023.3895,0.67351,0.98166,-0.14908
1180,2023.3922,0.673275,0.983176,-0.150004
1181,2023.3949,0.673351,0.982305,-0.145381
1182,2023.3977,0.674485,0.98281,-0.150024
1183,2023.4004,0.674174,0.982906,-0.144818
1184,2023.4031,0.674109,0.982189,-0.144003
1185,2023.4059,0.675332,0.983225,-0.144566
1186,2023.4086,0.674998,0.985254,-0.151729
1187,2023.4114,0.673867,0.983719,-0.146734
1188,2023.4141,0.676113,0.983431,-0.148057
1189,2023.4168,0.674821,0.982745,-0.147862
1190,2023.4196,0.675104,0.984511,-0.147972
1191,2023.4223,0.67773,0.981921,-0.152646
1192,2023.4251,0.675845,0.982669,-0.150096
1193,2023.4278,0.677464,0.982479,-0.148906
1194,2023.4305,0.677761,0.983086,-0.145982
1195,2023.436,0.675487,0.984419,-0.150195
1196,2023.4387,0.676094,0.983103,-0.151796
1197,2023.4415,0.677339,0.983285,-0.151072
1198,2023.4442,0.673642,0.983235,-0.146993
1199,2023.4552,0.678156,0.984179,-0.153818
1200,2023.4579,0.677097,0.984499,-0.154557
1201,2023.4606,0.676515,0.983216,-0.147201
1202,2023.4634,0.674713,0.983513,-0.153257
1203,2023.4661,0.675565,0.984039,-0.153523
1204,2023.4689,0.676489,0.983295,-0.157412
1205,2023.4716,0.674225,0.984007,-0.15516
1206,2023.4743,0.675963,0.983932,-0.156159
1207,2023.4771,0.677057,0.984109,-0.158292
1208,2023.4798,0.676624,0.984829,-0.155961
1209,2023.4825,0.676295,0.98384,-0.155344
1210,2023.488,0.675697,0.984397,-0.15623
1211,2023.4935,0.676523,0.984969,-0.157213
1212,2023.4962,0.676942,0.983841,-0.157407
1213,2023.499,0.6749,0.983582,-0.150557
1214,2023.5017,0.675599,0.983113,-0.154688
1215,2023.5044,0.678235,0.985104,-0.158755
1216,2023.5127,0.675543,0.985986,-0.154204
1217,2023.5154,0.675911,0.985787,-0.154506
1218,2023.5209,0.678964,0.986047,-0.157552
1219,2023.5236,0.677011,0.984398,-0.161638
1220,2023.5264,0.676444,0.985532,-0.157499
1221,2023.5291,0.675408,0.984059,-0.156828
1222,2023.5318,0.677042,0.985047,-0.165726
1223,2023.54,0.676415,0.984411,-0.154914
1224,2023.5428,0.678409,0.986611,-0.1614
1225,2023.5455,0.677998,0.984206,-0.159205
1226,2023.551,0.676378,0.985242,-0.165299
1227,2023.5537,0.678172,0.984476,-0.167532
1228,2023.5565,0.675753,0.985064,-0.163935
1229,2023.5592,0.676892,0.9829,-0.159039
1230,2023.5619,0.676921,0.983384,-0.161597
1231,2023.5647,0.679001,0.984478,-0.170871
1232,2023.5674,0.676542,0.984317,-0.166056
1233,2023.5702,0.678308,0.983991,-0.168235
1234,2023.5729,0.679837,0.983444,-0.166719
1235,2023.5756,0.680364,0.984001,-0.162045
1236,2023.5784,0.680132,0.983711,-0.160203
1237,2023.5811,0.679396,0.986263,-0.160102
1238,2023.5838,0.677787,0.983601,-0.16133
1239,2023.5866,0.678786,0.985544,-0.163374
1240,2023.5893,0.679189,0.984169,-0.163927
1241,2023.5921,0.681,0.982921,-0.163056
1242,2023.5948,0.680261,0.982995,-0.165995
1243,2023.5975,0.680941,0.984381,-0.169268
1244,2023.6003,0.67814,0.983122,-0.166075
1245,2023.603,0.678699,0.984787,-0.161143
1246,2023.6057,0.681396,0.985166,-0.158324
1247,2023.6085,0.679608,0.984785,-0.16499
1248,2023.6112,0.678425,0.986048,-0.17269
1249,2023.614,0.680253,0.983229,-0.165416
1250,2023.6167,0.678848,0.985043,-0.170802
1251,2023.6194,0.680232,0.981926,-0.169898
1252,2023.6222,0.682706,0.98454,-0.168772
1253,2023.6249,0.680648,0.984114,-0.166255
1254,2023.6277,0.679765,0.98496,-0.167739
1255,2023.6304,0.678445,0.985513,-0.160781
1256,2023.6331,0.68133,0.983035,-0.166019
1257,2023.6359,0.678492,0.985179,-0.165725
1258,2023.6386,0.679313,0.985628,-0.16609
1259,2023.6413,0.678901,0.984359,-0.162638
1260,2023.6441,0.678533,0.9825,-0.158692
1261,2023.6468,0.678374,0.984917,-0.163987
1262,2023.6496,0.679349,0.984199,-0.163548
1263,2023.6523,0.68132,0.983667,-0.166741
1264,2023.655,0.679302,0.984848,-0.163405
1265,2023.6578,0.679721,0.985025,-0.162517
1266,2023.6605,0.678498,0.982594,-0.163038
1267,2023.6632,0.678521,0.98262,-0.162235
1268,2023.666,0.678272,0.982232,-0.167016
1269,2023.6687,0.679857,0.983299,-0.163042
1270,2023.6715,0.679277,0.984224,-0.157308
1271,2023.6742,0.677864,0.983981,-0.160236
1272,2023.6797,0.677369,0.984378,-0.16153
1273,2023.6824,0.677958,0.984177,-0.162929
1274,2023.6851,0.67898,0.983685,-0.164867
1275,2023.6879,0.677269,0.982495,-0.162377
1276,2023.6906,0.679335,0.98319,-0.160301
1277,2023.6934,0.677286,0.983883,-0.160678
1278,2023.6961,0.677712,0.981574,-0.163615
1279,2023.7016,0.680031,0.98112,-0.150678
1280,2023.7043,0.678667,0.981425,-0.150641
1281,2023.707,0.676854,0.981598,-0.152804
1282,2023.7098,0.677602,0.98158,-0.152872
1283,2023.7125,0.679409,0.981714,-0.149413
1284,2023.7153,0.677638,0.981052,-0.152015
1285,2023.718,0.678209,0.981636,-0.145285
1286,2023.7207,0.677392,0.980255,-0.14804
1287,2023.7235,0.67881,0.982002,-0.151548
1288,2023.7262,0.676941,0.98275,-0.143709
1289,2023.729,0.678379,0.98177,-0.149564
1290,2023.7317,0.678866,0.981648,-0.147695
1291,2023.7344,0.677627,0.98152,-0.145447
1292,2023.7372,0.67609,0.980609,-0.149664
1293,2023.7399,0.675751,0.980563,-0.149509
1294,2023.7426,0.678402,0.979655,-0.146881
1295,2023.7454,0.677557,0.98103,-0.14166
1296,2023.7481,0.678166,0.981284,-0.150511
1297,2023.7509,0.677227,0.980703,-0.150171
1298,2023.7536,0.675557,0.982141,-0.147154
1299,2023.7563,0.677334,0.981815,-0.149202
1300,2023.7591,0.679607,0.983244,-0.150506
1301,2023.7618,0.677691,0.98195,-0.154848
1302,2023.7645,0.679424,0.981421,-0.150476
1303,2023.7673,0.680647,0.981409,-0.150165
1304,2023.77,0.678876,0.981863,-0.144031
1305,2023.7728,0.676879,0.981394,-0.140275
1306,2023.7755,0.678696,0.984035,-0.145045
1307,2023.7782,0.67867,0.983097,-0.14554
1308,2023.781,0.677813,0.982307,-0.150949
1309,2023.7837,0.677634,0.982086,-0.152906
1310,2023.7864,0.678673,0.984119,-0.151161
1311,2023.7892,0.677536,0.983565,-0.147379
1312,2023.7919,0.677402,0.981379,-0.148101
1313,2023.7947,0.679028,0.981979,-0.147396
1314,2023.7974,0.676343,0.982288,-0.151834
1315,2023.8001,0.675404,0.982482,-0.148636
1316,2023.8029,0.675046,0.983142,-0.146456
1317,2023.8056,0.675886,0.980719,-0.144306
1318,2023.8084,0.675313,0.983931,-0.140218
1319,2023.8111,0.675788,0.983862,-0.148331
1320,2023.8138,0.676176,0.983159,-0.149491
1321,2023.8166,0.675458,0.983515,-0.145032
1322,2023.8193,0.674835,0.984243,-0.148965
1323,2023.822,0.675647,0.982823,-0.151709
1324,2023.8248,0.677889,0.983528,-0.152253
1325,2023.8275,0.677155,0.984023,-0.151329
1326,2023.8303,0.676798,0.983749,-0.148528
1327,2023.833,0.67804,0.985503,-0.1505
1328,2023.8357,0.676849,0.985376,-0.159487
1329,2023.8385,0.676856,0.985048,-0.157354
1330,2023.8412,0.676467,0.985133,-0.155777
1331,2023.8439,0.675705,0.984811,-0.156775
1332,2023.8467,0.676056,0.984544,-0.15386
1333,2023.8494,0.675416,0.983392,-0.154756
1334,2023.8549,0.67736,0.984379,-0.155039
1335,2023.8576,0.676064,0.98356,-0.151234
1336,2023.8604,0.675741,0.98389,-0.150795
1337,2023.8631,0.676365,0.98515,-0.155014
1338,2023.8658,0.675524,0.985055,-0.148741
1339,2023.8686,0.676006,0.98353,-0.150941
1340,2023.8713,0.677608,0.980653,-0.14669
1341,2023.8741,0.675029,0.982749,-0.152227
1342,2023.8795,0.676415,0.981809,-0.148341
1343,2023.8823,0.677278,0.983705,-0.147262
1344,2023.885,0.674812,0.985094,-0.15285
1345,2023.8877,0.676561,0.984541,-0.158591
1346,2023.8905,0.675595,0.984129,-0.154575
1347,2023.8932,0.67696,0.983603,-0.152993
1348,2023.896,0.676114,0.9856,-0.145661
1349,2023.8987,0.676918,0.984282,-0.145453
1350,2023.9014,0.676064,0.983176,-0.15163
1351,2023.9042,0.677135,0.983009,-0.146635
1352,2023.9069,0.675515,0.982075,-0.149388
1353,2023.9097,0.674863,0.983661,-0.147243
1354,2023.9124,0.674557,0.982245,-0.143974
1355,2023.9151,0.675272,0.981737,-0.146625
1356,2023.9179,0.676675,0.981017,-0.148573
1357,2023.9206,0.676106,0.981159,-0.148508
1358,2023.9233,0.675941,0.982973,-0.151418
1359,2023.9261,0.675275,0.981599,-0.149551
1360,2023.9288,0.676848,0.981199,-0.156102
1361,2023.9316,0.677135,0.982674,-0.151154
1362,2023.9343,0.677512,0.983027,-0.151971
1363,2023.937,0.676878,0.982156,-0.150821
1364,2023.9398,0.676773,0.984872,-0.158782
1365,2023.9425,0.675592,0.985229,-0.154047
1366,2023.9452,0.676729,0.986514,-0.153495
1367,2023.948,0.677044,0.985815,-0.150991
1368,2023.9507,0.678233,0.984751,-0.151099
1369,2023.9535,0.676298,0.984138,-0.154918
1370,2023.9562,0.675375,0.984667,-0.151416
1371,2023.9589,0.676062,0.98324,-0.154489
1372,2023.9617,0.675131,0.985648,-0.146622
1373,2023.9644,0.675174,0.983462,-0.155859
1374,2023.9671,0.674725,0.983419,-0.150006
1375,2023.9699,0.67552,0.983954,-0.151793
1376,2023.9726,0.675222,0.983143,-0.156569
1377,2023.9754,0.675112,0.984725,-0.153286
1378,2023.9781,0.676544,0.984013,-0.152809
1379,2023.9808,0.67654,0.986031,-0.151395
1380,2023.9836,0.676003,0.982979,-0.154368
1381,2023.9863,0.676388,0.983286,-0.155658
1382,2023.989,0.675048,0.984334,-0.149731
1383,2023.9918,0.674,0.985283,-0.152158
1384,2023.9945,0.675682,0.98368,-0.153113
1385,2023.9973,0.674765,0.985015,-0.155799
1386,2024.0,0.674852,0.983652,-0.152555
1387,2024.0027,0.674633,0.983946,-0.154631
1388,2024.0055,0.67429,0.985383,-0.154363
1389,2024.0082,0.674061,0.984787,-0.149518
1390,2024.011,0.672602,0.984819,-0.15199
1391,2024.0137,0.673149,0.984244,-0.154259
1392,2024.0164,0.673346,0.986012,-0.149311
1393,2024.0192,0.675176,0.987314,-0.148146
1394,2024.0219,0.673414,0.986129,-0.149155
1395,2024.0246,0.672146,0.985534,-0.14331
1396,2024.0274,0.67278,0.986812,-0.147375
1397,2024.0301,0.6739,0.987378,-0.15173
1398,2024.0329,0.674418,0.985448,-0.148976
1399,2024.0356,0.674721,0.987624,-0.1474
1400,2024.0383,0.674279,0.985633,-0.148027
1401,2024.0411,0.674157,0.9845,-0.145887
1402,2024.0438,0.672824,0.986581,-0.153016
1403,2024.0465,0.674965,0.986392,-0.150812
1404,2024.0493,0.67537,0.985484,-0.159504
1405,2024.052,0.674856,0.987982,-0.148614
1406,2024.0548,0.673589,0.985485,-0.143652
1407,2024.0575,0.673504,0.984704,-0.142322
1408,2024.0602,0.675086,0.986099,-0.144163
1409,2024.063,0.673994,0.986449,-0.149476
1410,2024.0657,0.673145,0.987672,-0.150765
1411,2024.0684,0.673575,0.987259,-0.149769
1412,2024.0712,0.674652,0.987545,-0.150386
1413,2024.0739,0.67397,0.986441,-0.151433
1414,2024.0767,0.674043,0.98659,-0.148503
1415,2024.0794,0.673212,0.986404,-0.146559
1416,2024.0821,0.673644,0.986793,-0.144698
1417,2024.0849,0.672742,0.984642,-0.143224
1418,2024.0903,0.67094,0.987665,-0.144366
1419,2024.0931,0.671884,0.986222,-0.146024
1420,2024.0958,0.672729,0.988349,-0.143768
1421,2024.0986,0.672812,0.98731,-0.147414
1422,2024.1013,0.67191,0.986326,-0.140802
1423,2024.104,0.671283,0.987003,-0.15066
1424,2024.1068,0.671338,0.988243,-0.15257
1425,2024.1095,0.673102,0.986901,-0.152562
1426,2024.1123,0.671405,0.98793,-0.155142
1427,2024.115,0.672238,0.988552,-0.153876
1428,2024.1177,0.672656,0.988535,-0.148821
1429,2024.1205,0.674125,0.98733,-0.151674
1430,2024.1232,0.673635,0.986759,-0.152743
1431,2024.1259,0.673035,0.988147,-0.15203
1432,2024.1314,0.671739,0.986968,-0.152163
1433,2024.1342,0.671061,0.988629,-0.151017
1434,2024.1369,0.671185,0.987919,-0.150388
1435,2024.1396,0.67309,0.986161,-0.149231
1436,2024.1424,0.672197,0.990052,-0.149162
1437,2024.1451,0.67188,0.989531,-0.14935
1438,2024.1478,0.673356,0.990445,-0.150965
1439,2024.1506,0.672982,0.98937,-0.146241
1440,2024.1533,0.673966,0.988537,-0.145258
1441,2024.1561,0.672462,0.989101,-0.150004
1442,2024.1588,0.674784,0.989302,-0.149123
1443,2024.1615,0.674663,0.990165,-0.153789
1444,2024.1643,0.674172,0.989528,-0.146993
1445,2024.167,0.674177,0.989218,-0.148413
1446,2024.1697,0.674549,0.988278,-0.150727
1447,2024.1752,0.675191,0.989011,-0.15069
1448,2024.178,0.675702,0.989477,-0.148761
1449,2024.1807,0.675641,0.989543,-0.152492
1450,2024.1834,0.674388,0.989627,-0.152105
1451,2024.1862,0.67479,0.990386,-0.155005
1452,2024.1889,0.67464,0.989162,-0.154304
1453,2024.1916,0.67341,0.990643,-0.149656
1454,2024.1944,0.673769,0.988845,-0.154469
1455,2024.1971,0.674128,0.989849,-0.154598
1456,2024.1999,0.67624,0.990882,-0.157728
1457,2024.2026,0.676367,0.992064,-0.155171
1458,2024.2053,0.676977,0.991492,-0.15984
1459,2024.2081,0.677404,0.990623,-0.157955
1460,2024.2108,0.677072,0.990002,-0.161238
1461,2024.2136,0.676295,0.991502,-0.159895
1462,2024.2163,0.677355,0.991395,-0.161384
1463,2024.219,0.675233,0.991273,-0.161828
1464,2024.2218,0.676264,0.991636,-0.170003
1465,2024.2245,0.677982,0.988809,-0.161404
1466,2024.2272,0.674427,0.99066,-0.164033
1467,2024.23,0.676387,0.99193,-0.160785
1468,2024.2327,0.676315,0.991833,-0.168252
1469,2024.2355,0.677499,0.991282,-0.170187
1470,2024.2382,0.677967,0.991903,-0.164321
1471,2024.2409,0.675683,0.990648,-0.164705
1472,2024.2437,0.674806,0.991174,-0.167337
1473,2024.2464,0.676105,0.991678,-0.165954
1474,2024.2491,0.67423,0.991013,-0.170658
1475,2024.2519,0.674241,0.991461,-0.173661
1476,2024.2546,0.674792,0.99159,-0.17386
1477,2024.2574,0.67418,0.990903,-0.172298
1478,2024.2601,0.673471,0.991874,-0.169021
1479,2024.2628,0.674183,0.9941,-0.174245
1480,2024.2683,0.674209,0.992852,-0.175021
1481,2024.271,0.675021,0.992574,-0.178107
1482,2024.2738,0.674212,0.994259,-0.179725
1483,2024.2765,0.67342,0.992973,-0.179021
1484,2024.2793,0.674237,0.993153,-0.177409
1485,2024.282,0.674658,0.991451,-0.182209
1486,2024.2847,0.673689,0.992811,-0.184316
1487,2024.2875,0.672193,0.993401,-0.182029
1488,2024.2902,0.674977,0.993021,-0.177868
1489,2024.293,0.673996,0.993419,-0.184034
1490,2024.2984,0.674045,0.99297,-0.179585
1491,2024.3012,0.674453,0.992064,-0.179353
1492,2024.3039,0.672791,0.99303,-0.177228
1493,2024.3066,0.674004,0.994335,-0.178106
1494,2024.3094,0.673453,0.992476,-0.176093
1495,2024.3121,0.673344,0.993623,-0.179943
1496,2024.3149,0.672817,0.992788,-0.177402
1497,2024.3176,0.673562,0.992889,-0.178123
1498,2024.3203,0.672622,0.99503,-0.175831
1499,2024.3231,0.674286,0.993782,-0.172897
1500,2024.3258,0.673388,0.994516,-0.180926
1501,2024.3285,0.675008,0.995241,-0.18365
1502,2024.3313,0.673816,0.992592,-0.176199
1503,2024.334,0.672686,0.993784,-0.176582
1504,2024.3368,0.673335,0.994053,-0.173266
1505,2024.3395,0.673694,0.991919,-0.177279
1506,2024.3422,0.671771,0.992856,-0.18197
1507,2024.345,0.671074,0.992144,-0.180133
1508,2024.3477,0.67032,0.99401,-0.17854
1509,2024.3504,0.672104,0.992399,-0.176482
1510,2024.3532,0.672855,0.992547,-0.181445
1511,2024.3614,0.671873,0.992263,-0.179717
1512,2024.3641,0.671245,0.991532,-0.178873
1513,2024.3669,0.670107,0.992277,-0.179635
1514,2024.3696,0.668524,0.991047,-0.178375
1515,2024.3723,0.66939,0.990949,-0.187046
1516,2024.3751,0.671005,0.993077,-0.182869
1517,2024.3778,0.671855,0.993925,-0.178755
1518,2024.3806,0.671475,0.993547,-0.181728
1519,2024.3833,0.672,0.993216,-0.179433
1520,2024.386,0.67141,0.995326,-0.185639
1521,2024.3888,0.670973,0.992973,-0.183518
1522,2024.3943,0.672507,0.993556,-0.181174
1523,2024.397,0.672362,0.992611,-0.183692
1524,2024.3997,0.674697,0.991992,-0.188413
1525,2024.4025,0.673093,0.992677,-0.191167
1526,2024.4052,0.673831,0.990092,-0.189659
1527,2024.4079,0.674704,0.99209,-0.188868
1528,2024.4107,0.675655,0.99208,-0.187014
1529,2024.4134,0.671694,0.989392,-0.191337
1530,2024.4162,0.673827,0.992272,-0.195452
1531,2024.4189,0.673212,0.991572,-0.195304
1532,2024.4216,0.672923,0.991652,-0.196794
1533,2024.4244,0.673543,0.993259,-0.191262
1534,2024.4271,0.675237,0.992843,-0.191768
1535,2024.4298,0.675531,0.993033,-0.19271
1536,2024.4326,0.675494,0.994357,-0.199079
1537,2024.4353,0.67265,0.993118,-0.19847
1538,2024.4381,0.67244,0.991596,-0.19726
1539,2024.4408,0.671474,0.994063,-0.197026
1540,2024.4435,0.673749,0.995147,-0.200303
1541,2024.4463,0.671683,0.992156,-0.198328
1542,2024.449,0.671493,0.994025,-0.199833
1543,2024.4517,0.672863,0.993554,-0.197009
1544,2024.4545,0.671818,0.995542,-0.191481
1545,2024.4572,0.671822,0.995351,-0.191626
1546,2024.46,0.671741,0.995231,-0.187912
1547,2024.4627,0.672991,0.993825,-0.187556
1548,2024.4654,0.674094,0.994213,-0.191926
1549,2024.4682,0.67255,0.994452,-0.192945
1550,2024.4709,0.672059,0.993828,-0.196046
1551,2024.4736,0.672404,0.994077,-0.194876
1552,2024.4764,0.671844,0.993769,-0.193847
1553,2024.4819,0.671636,0.993314,-0.192958
1554,2024.4846,0.670698,0.993984,-0.18964
1555,2024.4873,0.671952,0.994472,-0.197604
1556,2024.4901,0.67326,0.995304,-0.194757
1557,2024.4928,0.671935,0.995136,-0.198298
1558,2024.4956,0.673415,0.995913,-0.19627
1559,2024.4983,0.676029,0.995159,-0.197397
1560,2024.501,0.671806,0.996956,-0.196704
1561,2024.5038,0.671627,0.994348,-0.195005
1562,2024.5065,0.671572,0.9959,-0.203251
1563,2024.5092,0.67237,0.994088,-0.200551
1564,2024.512,0.672435,0.995933,-0.198478
1565,2024.5147,0.672257,0.997516,-0.193682
1566,2024.5175,0.673609,0.996624,-0.195414
1567,2024.5202,0.672569,0.995901,-0.19831
1568,2024.5229,0.671608,0.996048,-0.204313
1569,2024.5257,0.671994,0.996699,-0.201852
1570,2024.5284,0.671857,0.997731,-0.205619
1571,2024.5311,0.673376,0.995454,-0.203681
1572,2024.5339,0.673578,0.994993,-0.201339
1573,2024.5366,0.672237,0.99718,-0.19241
1574,2024.5394,0.670945,0.996467,-0.204529
1575,2024.5421,0.673265,0.994154,-0.20771
1576,2024.5448,0.672458,0.994478,-0.201781
1577,2024.5476,0.67026,0.993907,-0.203764
1578,2024.5503,0.672322,0.995124,-0.205992
1579,2024.553,0.673204,0.992631,-0.20587
1580,2024.5558,0.673819,0.996955,-0.202639
1581,2024.5585,0.673266,0.995488,-0.204653
1582,2024.5613,0.671938,0.995332,-0.20736
1583,2024.564,0.672868,0.994267,-0.206454
1584,2024.5667,0.672015,0.994276,-0.210276
1585,2024.5695,0.67276,0.992398,-0.21512
1586,2024.5722,0.672028,0.994159,-0.213872
1587,2024.5749,0.676198,0.989277,-0.20604
1588,2024.5804,0.674707,0.996033,-0.214341
1589,2024.5832,0.674061,0.996002,-0.219257
1590,2024.5859,0.674088,0.99489,-0.216827
1591,2024.5886,0.671694,0.994433,-0.222298
1592,2024.5914,0.673161,0.995968,-0.21325
1593,2024.5941,0.671701,0.994944,-0.215174
1594,2024.5996,0.672504,0.995274,-0.210886
1595,2024.6023,0.672771,0.993958,-0.218568
1596,2024.6051,0.673994,0.993982,-0.218366
1597,2024.6078,0.677994,0.992983,-0.217052
1598,2024.6105,0.67476,0.995201,-0.224427
1599,2024.6133,0.673328,0.993739,-0.215759
1600,2024.616,0.672137,0.993008,-0.223145
1601,2024.6188,0.673153,0.99312,-0.220831
1602,2024.6215,0.673491,0.992505,-0.222073
1603,2024.6242,0.671009,0.993125,-0.223359
1604,2024.627,0.673187,0.99414,-0.219955
1605,2024.6297,0.672778,0.994423,-0.223459
1606,2024.6324,0.672991,0.994771,-0.223349
1607,2024.6352,0.673947,0.994155,-0.224571
1608,2024.6379,0.672071,0.992139,-0.228268
1609,2024.6407,0.672136,0.99253,-0.226402
1610,2024.6434,0.672582,0.993026,-0.225256
1611,2024.6461,0.673658,0.992761,-0.224722
1612,2024.6489,0.674292,0.994484,-0.223272
1613,2024.6516,0.67373,0.994292,-0.227586
1614,2024.6543,0.671962,0.992849,-0.226606
1615,2024.6571,0.67032,0.991368,-0.224852
1616,2024.6598,0.671198,0.993009,-0.231527
1617,2024.6626,0.67102,0.993401,-0.227059
1618,2024.6653,0.670832,0.992528,-0.228399
1619,2024.668,0.671098,0.993408,-0.231151
1620,2024.6708,0.671583,0.994082,-0.227334
1621,2024.6735,0.671116,0.995099,-0.228417
1622,2024.6762,0.672074,0.995326,-0.230098
1623,2024.679,0.671099,0.995102,-0.231704
1624,2024.6817,0.67182,0.993872,-0.225793
1625,2024.6845,0.671496,0.993428,-0.220883
1626,2024.6872,0.672272,0.994568,-0.222984
1627,2024.6899,0.670816,0.993796,-0.226878
1628,2024.6927,0.670918,0.995416,-0.224821
1629,2024.6954,0.673016,0.994356,-0.223016
1630,2024.6982,0.672455,0.993459,-0.217819
1631,2024.7009,0.674218,0.991377,-0.222973
1632,2024.7036,0.67191,0.992178,-0.227
1633,2024.7064,0.672606,0.992168,-0.228663
1634,2024.7091,0.672221,0.992782,-0.225974
1635,2024.7118,0.671439,0.992442,-0.226065
1636,2024.7146,0.6708,0.992157,-0.223571
1637,2024.7173,0.669465,0.993517,-0.224315
1638,2024.7201,0.671028,0.994929,-0.224093
1639,2024.7228,0.669619,0.994432,-0.223675
1640,2024.7255,0.668958,0.994018,-0.221457
1641,2024.7283,0.670216,0.993815,-0.220576
1642,2024.731,0.669846,0.99444,-0.222883
1643,2024.7337,0.668756,0.991169,-0.221147
1644,2024.7365,0.66884,0.992483,-0.219656
1645,2024.7392,0.667976,0.992336,-0.220074
1646,2024.742,0.668003,0.993639,-0.218021
1647,2024.7447,0.670647,0.993964,-0.218856
1648,2024.7474,0.670355,0.992951,-0.228952
1649,2024.7502,0.66758,0.993481,-0.225004
1650,2024.7529,0.668435,0.994596,-0.225046
1651,2024.7556,0.66932,0.994387,-0.222058
1652,2024.7584,0.670886,0.994177,-0.21888
1653,2024.7611,0.670236,0.994864,-0.221499
1654,2024.7639,0.669788,0.9939,-0.224952
1655,2024.7666,0.670141,0.994208,-0.227405
1656,2024.7693,0.669964,0.994093,-0.222326
1657,2024.7721,0.670587,0.995661,-0.222122
1658,2024.7748,0.673923,0.993737,-0.221469
1659,2024.7775,0.671843,0.99523,-0.222715
1660,2024.7803,0.673265,0.996709,-0.223583
1661,2024.8104,0.672697,0.994882,-0.230561
1662,2024.8131,0.671494,0.995508,-0.229169
1663,2024.8159,0.673083,0.994993,-0.228514
1664,2024.8186,0.671849,0.99465,-0.22403
1665,2024.8214,0.671104,0.995623,-0.224048
1666,2024.8241,0.670045,0.99418,-0.225878
1667,2024.8268,0.669905,0.995756,-0.225355
1668,2024.8296,0.671595,0.997871,-0.226501
1669,2024.8323,0.669386,0.995722,-0.22697
1670,2024.835,0.669689,0.994514,-0.219932
1671,2024.8405,0.669944,0.995221,-0.221185
1672,2024.846,0.669607,0.995671,-0.219195
1673,2024.8487,0.670441,0.996942,-0.216916
1674,2024.8515,0.668838,0.996412,-0.219621
1675,2024.8542,0.671484,0.996424,-0.217768
1676,2024.8569,0.670424,0.99463,-0.214756
1677,2024.8597,0.672419,0.995578,-0.214368
1678,2024.8624,0.670962,0.994443,-0.218274
1679,2024.8652,0.671,0.995024,-0.218866
1680,2024.8679,0.671042,0.993741,-0.218113
1681,2024.8706,0.670022,0.993709,-0.214799
1682,2024.8734,0.668465,0.99397,-0.21324
1683,2024.8761,0.667851,0.994587,-0.215612
1684,2024.8789,0.669407,0.993614,-0.213428
1685,2024.8816,0.668374,0.993341,-0.209407
1686,2024.8843,0.668849,0.993891,-0.211676
1687,2024.8871,0.670439,0.993663,-0.211783
1688,2024.8925,0.670653,0.99507,-0.208358
1689,2024.8953,0.66963,0.99437,-0.214105
1690,2024.898,0.668129,0.993407,-0.211623
1691,2024.9035,0.668452,0.994268,-0.208754
1692,2024.9117,0.66983,0.995999,-0.214962
1693,2024.9144,0.668054,0.994096,-0.211518
1694,2024.9199,0.669043,0.994704,-0.211747
1695,2024.9309,0.669254,0.995914,-0.208205
1696,2024.9336,0.66841,0.995859,-0.206905
1697,2024.9363,0.669084,0.994382,-0.209046
1698,2024.9446,0.667746,0.996352,-0.208559
1699,2024.9473,0.667441,0.996665,-0.203002
1700,2024.95,0.667099,0.996862,-0.204228
1701,2024.9528,0.667526,0.997679,-0.196146
1702,2024.9555,0.667146,0.995902,-0.209457
1703,2024.9582,0.668925,0.996922,-0.208574
1704,2024.961,0.666796,0.997326,-0.206529
1705,2024.9637,0.667487,0.995031,-0.208278
1706,2024.9665,0.666335,0.995096,-0.206501
1707,2024.9692,0.667881,0.995904,-0.209672
1708,2024.9719,0.667162,0.996863,-0.211195
1709,2024.9747,0.666743,0.996861,-0.201699
1710,2024.9774,0.667446,0.997879,-0.202826
1711,2024.9802,0.667025,0.996479,-0.200014
1712,2024.9829,0.665006,0.995813,-0.200688
1713,2024.9856,0.667741,0.998205,-0.20303
1714,2024.9884,0.664757,0.997496,-0.200006
1715,2024.9911,0.666768,0.997512,-0.204965
1716,2024.9938,0.665338,0.996172,-0.202183
1717,2024.9966,0.663907,0.996542,-0.203354
1718,2024.9993,0.664874,0.997286,-0.205067
1719,2025.0021,0.666097,0.996807,-0.204806
1720,2025.0048,0.667771,0.997193,-0.203679
1721,2025.0075,0.667884,0.998804,-0.201174
1722,2025.0103,0.665429,0.996821,-0.200304
1723,2025.0157,0.666542,0.998751,-0.20401
1724,2025.0185,0.6671,0.998447,-0.199003
1725,2025.0212,0.666913,0.998866,-0.207242
1726,2025.024,0.665143,0.998921,-0.202201
1727,2025.0267,0.66515,0.998526,-0.204132
1728,2025.0294,0.665459,0.998608,-0.196152
1729,2025.0322,0.665151,0.999414,-0.198544
1730,2025.0349,0.665842,0.999477,-0.197233
1731,2025.0376,0.666056,1.000338,-0.199258
1732,2025.0404,0.665723,0.999465,-0.200523
1733,2025.0431,0.666405,0.999332,-0.198
1734,2025.0459,0.665457,0.998921,-0.197144
1735,2025.0486,0.666283,1.000138,-0.20077
1736,2025.0513,0.666017,1.000781,-0.199443
1737,2025.0541,0.667306,1.000469,-0.202962
1738,2025.0568,0.666749,0.999249,-0.20186
1739,2025.0595,0.665027,1.001571,-0.203173
1740,2025.0623,0.664726,1.000384,-0.203805
1741,2025.065,0.663453,1.001283,-0.198122
1742,2025.0678,0.665263,0.999905,-0.193121
1743,2025.0705,0.666487,0.999873,-0.201694
1744,2025.0732,0.664541,0.99903,-0.199682
1745,2025.076,0.664001,0.999366,-0.199253
1746,2025.0787,0.665263,0.99953,-0.196293
1747,2025.0815,0.665796,1.001208,-0.195151
1748,2025.0842,0.66509,0.999882,-0.201806
1749,2025.0869,0.66412,0.999085,-0.195158
1750,2025.0924,0.663791,0.999614,-0.197202
1751,2025.0951,0.664858,0.999013,-0.192411
1752,2025.0979,0.663354,0.998708,-0.193624
1753,2025.1006,0.665066,0.997743,-0.201686
1754,2025.1034,0.664887,0.999731,-0.197805
1755,2025.1061,0.664579,0.999205,-0.20304
1756,2025.1088,0.665152,1.001147,-0.203132
1757,2025.1116,0.666794,0.999813,-0.199334
1758,2025.1143,0.664677,0.999902,-0.198431
1759,2025.117,0.666695,0.99939,-0.196418
1760,2025.1198,0.665753,0.998569,-0.196338
1761,2025.1225,0.664479,0.999335,-0.2041
1762,2025.1253,0.665003,1.001166,-0.202171
1763,2025.128,0.666484,0.999733,-0.203012
1764,2025.1307,0.664861,0.999091,-0.203988
1765,2025.1335,0.665814,0.999622,-0.20547
1766,2025.1362,0.666276,0.999889,-0.20116
1767,2025.1389,0.666611,1.000452,-0.203083
1768,2025.1417,0.666155,1.001219,-0.204634
1769,2025.1444,0.666334,0.999897,-0.205006
1770,2025.1472,0.665028,0.998498,-0.204358
1771,2025.1499,0.671906,0.997998,-0.202077
1772,2025.1526,0.671418,0.997412,-0.199572
1773,2025.1554,0.666958,0.999397,-0.202379
1774,2025.1581,0.665837,1.000288,-0.203299
1775,2025.1608,0.667877,0.99975,-0.203848
1776,2025.1636,0.669252,1.000122,-0.205903
1777,2025.1663,0.668091,0.997105,-0.207954
1778,2025.1691,0.665956,0.998877,-0.208889
1779,2025.1718,0.666739,1.001016,-0.210583
1780,2025.1745,0.667808,0.999726,-0.209002
1781,2025.1773,0.666599,0.997374,-0.213386
1782,2025.18,0.668144,0.998024,-0.211726
1783,2025.1828,0.668381,0.999568,-0.213941
1784,2025.1855,0.667679,0.999998,-0.217861
1785,2025.1882,0.667639,0.999315,-0.213521
1786,2025.191,0.667061,0.999328,-0.208362
1787,2025.1937,0.666719,0.997642,-0.204033
1788,2025.1964,0.668566,0.997443,-0.205751
1789,2025.1992,0.66679,0.997514,-0.210979
1790,2025.2019,0.665587,0.999642,-0.210813
1791,2025.2047,0.667544,0.999462,-0.21852
1792,2025.2074,0.66825,0.99898,-0.215641
1793,2025.2101,0.665476,0.999267,-0.2166
1794,2025.2129,0.666619,0.998633,-0.218192
1795,2025.2156,0.665988,0.998743,-0.216793
1796,2025.2183,0.66726,0.998645,-0.215581
1797,2025.2211,0.667173,0.998661,-0.218138
1798,2025.2238,0.66678,1.000036,-0.218831
1799,2025.2266,0.666356,0.999884,-0.221439
1800,2025.2293,0.667017,1.000588,-0.220436
1801,2025.232,0.667704,1.002034,-0.218672
1802,2025.2348,0.667263,1.001771,-0.220221
1803,2025.2375,0.666396,1.001324,-0.21642
1804,2025.2402,0.666572,1.002155,-0.215562
1805,2025.243,0.666519,1.003176,-0.217902
1806,2025.2457,0.663753,1.001162,-0.216368
1807,2025.2485,0.664384,1.000708,-0.215458
1808,2025.2512,0.665541,1.000896,-0.217584
1809,2025.2539,0.665439,1.002569,-0.219888
1810,2025.2567,0.665223,1.004042,-0.221382
1811,2025.2594,0.666073,1.003925,-0.219983
1812,2025.2621,0.666403,1.003222,-0.226064
1813,2025.2649,0.666543,1.003271,-0.223739
1814,2025.2676,0.665886,1.003594,-0.222263
1815,2025.2704,0.666603,1.004272,-0.224453
1816,2025.2731,0.665864,1.003584,-0.229321
1817,2025.2786,0.665068,1.003405,-0.225924
1818,2025.2813,0.66449,1.00444,-0.230855
1819,2025.2841,0.666816,1.004609,-0.230217
1820,2025.3498,0.657638,1.003398,-0.24282
1821,2025.3525,0.658742,1.004022,-0.238614
1822,2025.3552,0.659285,1.003874,-0.242705
1823,2025.358,0.659253,1.001595,-0.238431
1824,2025.3607,0.659322,1.003188,-0.240957
1825,2025.3634,0.657948,1.002745,-0.236307
1826,2025.3662,0.659593,1.00287,-0.236292
1827,2025.3689,0.661137,1.003347,-0.244281
1828,2025.3717,0.659097,1.00179,-0.244958
1829,2025.3744,0.662083,1.003855,-0.240715
1830,2025.3771,0.661552,1.004252,-0.237666
1831,2025.3799,0.661889,1.002828,-0.243855
1832,2025.3826,0.660998,1.002346,-0.246283
1833,2025.3854,0.662746,1.004555,-0.245398
1834,2025.3881,0.662373,1.003346,-0.249582
1835,2025.3908,0.662671,1.003608,-0.247708
1836,2025.3936,0.662209,1.001982,-0.250529
1837,2025.3963,0.663323,1.002563,-0.258039
1838,2025.399,0.665625,1.003907,-0.257756
1839,2025.4018,0.665759,1.002983,-0.259722
1840,2025.4045,0.66558,1.003666,-0.257187
1841,2025.4073,0.666593,1.003763,-0.260263
1842,2025.41,0.664925,1.003118,-0.259059
1843,2025.4127,0.665801,1.003404,-0.264074
1844,2025.4155,0.663094,1.004215,-0.260955
1845,2025.4182,0.664432,1.002093,-0.266486
1846,2025.4209,0.663258,1.003888,-0.262545
1847,2025.4237,0.662569,1.002192,-0.264565
1848,2025.4264,0.66506,1.002583,-0.260676
1849,2025.4319,0.664387,1.003935,-0.262646
1850,2025.4346,0.665147,1.003573,-0.263591
1851,2025.4374,0.665381,1.002754,-0.263332
1852,2025.4401,0.665801,1.00347,-0.259811
1853,2025.4428,0.665309,1.003029,-0.25553
1854,2025.4456,0.664175,1.003633,-0.258896
1855,2025.4483,0.665822,1.005857,-0.254661
1856,2025.4812,0.665938,1.001961,-0.262492
1857,2025.4839,0.665328,1.002275,-0.261447
1858,2025.4867,0.664977,1.004072,-0.255651
1859,2025.4894,0.664021,1.003955,-0.263026
1860,2025.4921,0.665019,1.003597,-0.266141
1861,2025.4949,0.665465,1.002433,-0.26605
1862,2025.4976,0.665248,1.00296,-0.262568
1863,2025.5003,0.666096,1.002115,-0.259851
1864,2025.5031,0.66558,1.003793,-0.261217
1865,2025.5058,0.666089,1.003123,-0.260509
1866,2025.5086,0.666383,1.00188,-0.263738
1867,2025.5195,0.665798,1.002299,-0.266505
1868,2025.5277,0.663897,1.0021,-0.270529
1869,2025.5305,0.665343,1.003491,-0.268212
1870,2025.5332,0.665539,1.004394,-0.272819
1871,2025.5359,0.666799,1.003822,-0.266928
1872,2025.5387,0.666093,1.002798,-0.274036
1873,2025.5414,0.666398,1.000907,-0.271714
1874,2025.5633,0.666193,1.002832,-0.281421
1875,2025.5715,0.666225,1.004377,-0.284962
